name;phoneNumber;email;entityId
Rana Chambers;641-950-0416;Micah@Donec.gov;0
Kermit Saunders;983-534-3565;Malik@Lorem.com;1
Bo Kemp;473-545-7681;Danielle@quam.net;2
Frances Santiago;135-460-5223;Sydney@conubia.org;3
Lars Hogan;102-711-0903;Sade@inceptos.net;4
Demetria Delaney;594-360-6469;Hayes@sodales.us;5
Kristen Maxwell;122-272-2134;Ebony@Donec.us;6
Rosalyn Bradshaw;090-601-7381;Carissa@mi.us;7
Harrison Skinner;713-019-9878;Victoria@sem.us;8
Emerson Wilkerson;848-607-0814;Trevor@fames.us;9
Andrew Lopez;835-511-9390;Dale@molestie.edu;10
Kim Riggs;091-006-0874;Aladdin@pharetra.edu;11
Leilani Yates;868-832-8039;Scarlet@felis.gov;12
Erich Gordon;967-051-3391;Reed@magnis.org;13
Yolanda Conner;434-435-7513;Hasad@sodales.com;14
Dolan Lawson;404-631-8270;Malik@Curabitur.org;15
Kylie Dunn;642-471-0825;Odysseus@hymenaeos.us;16
Damon Norman;752-679-5733;Myra@id.net;17
Idola Yates;343-167-0909;Venus@leo.org;18
Louis Montgomery;594-947-4193;Ferdinand@enim.org;19
Hilda Morrow;716-943-8791;Winter@interdum.net;20
Scarlet Craft;265-215-6820;Cleo@adipiscing.us;21
Haley Knight;337-224-5687;Alvin@fringilla.org;22
Tatyana Rose;850-187-0075;Carol@Phasellus.edu;23
Vance Conrad;006-627-5748;Len@placerat.org;24
Shannon Owens;498-896-0165;Dacey@torquent.net;25
Rhea Hoffman;909-496-6731;Tanya@dolor.net;26
Tashya Petersen;721-147-6220;Nicole@velit.edu;27
Yuli Mcclure;500-464-2317;Noah@nunc.org;28
Shelley Welch;521-986-5051;Patricia@primis.net;29
Hadassah Griffith;092-860-0908;Zachery@pede.gov;30
Gemma Kent;583-523-3708;Emi@id.net;31
Oprah Bennett;231-944-5419;Tasha@at.org;32
Lynn Hendrix;541-217-6321;Chanda@nisl.gov;33
Yardley Horn;489-155-6047;Lance@nec.org;34
Katell Benjamin;272-993-5229;Quynn@est.us;35
Shelley Lott;753-758-2868;Justine@sed.edu;36
Tiger Daugherty;876-799-1887;Wang@torquent.gov;37
Marah Britt;630-279-9379;Benjamin@dis.us;38
Basia Maxwell;423-426-3044;Damon@est.net;39
Jared Mcbride;220-001-4703;Solomon@Mauris.com;40
Keefe Rutledge;204-460-1435;Thaddeus@ullamcorper.us;41
Regan Larsen;748-087-6822;Tana@cubilia.gov;42
Clio Moses;119-405-8057;Jael@In.gov;43
Maia Roth;114-326-4324;Lara@nibh.net;44
Naida Estes;861-994-4782;Shoshana@torquent.net;45
Ali Prince;254-788-9922;Erin@pharetra.gov;46
Nevada Perez;951-528-2026;Dalton@dapibus.com;47
Ethan Moran;586-762-6712;Maia@felis.us;48
Demetria Webster;875-052-2122;Jescie@nostra.edu;49
Lisandra Calderon;694-575-2118;Ciaran@per.com;50
Arden Salazar;037-145-4695;Julie@et.net;51
Myra Charles;599-612-8660;Stuart@velit.edu;52
Erin Oneal;767-607-8112;Nayda@ultricies.edu;53
Kermit Lopez;227-570-3249;Quon@auctor.edu;54
Cassidy Cantrell;526-209-6816;Kathleen@ad.edu;55
Erin Nixon;070-761-5476;Owen@Fusce.net;56
Kane Jensen;026-408-3048;Salvador@tempor.org;57
Ulric Flowers;101-424-0024;Aline@in.us;58
Baxter Hartman;855-393-4408;Autumn@dapibus.org;59
Kennedy Bowers;536-165-2809;Mercedes@sociis.us;60
Rafael Owen;800-922-7396;Vladimir@Sed.com;61
Jane Gould;168-637-3668;Lane@litora.org;62
Mufutau Vincent;997-709-4452;Kai@justo.gov;63
Denton Blake;480-868-4411;Sacha@Quisque.net;64
Yen Ball;604-110-4409;Kadeem@blandit.gov;65
Nathaniel Moses;377-552-9212;Gail@sagittis.net;66
Bert Boyle;194-132-7570;Emerald@bibendum.com;67
Emmanuel Talley;860-957-6658;Gary@ligula.gov;68
Elmo Peterson;908-869-3873;Amery@In.gov;69
Jordan Spencer;707-418-0269;Jelani@ridiculus.com;70
Sigourney Zimmerman;256-886-8861;Hu@aliquet.net;71
Isadora Warner;977-513-2724;Anastasia@erat.us;72
Cassandra Harrison;878-837-0591;Mari@consequat.org;73
Olga Terry;807-937-1157;Theodore@tellus.gov;74
Preston English;755-113-5613;Madison@primis.gov;75
Joy Small;504-705-8359;TaShya@netus.net;76
Carly Conrad;984-348-8558;Kirk@per.com;77
Samantha Gilbert;242-729-2231;Indigo@vitae.gov;78
Brent Neal;771-337-3230;Yoshi@sollicitudin.gov;79
Pearl Pearson;328-128-7752;Jesse@sit.com;80
Wade Mclaughlin;118-077-2275;Luke@vehicula.us;81
Dorian Beach;525-542-1114;Orla@dignissim.com;82
August Sherman;236-696-7396;Sybil@dis.edu;83
Lance Wilkins;235-626-4421;Zena@vulputate.com;84
Zeus Fox;489-455-4253;Yvette@sit.net;85
Barclay Mullins;799-236-8592;Bo@pharetra.org;86
George Weber;468-078-1385;Eleanor@rhoncus.edu;87
Geraldine Savage;781-329-6015;Evangeline@quam.org;88
Burton Castaneda;829-828-0457;Cole@condimentum.edu;89
Abdul Love;261-867-1631;Byron@Nullam.gov;90
David Dale;753-175-7521;Elmo@rhoncus.gov;91
Fulton Shannon;907-730-8867;Graham@urna.net;92
Simon Arnold;738-788-1460;Noah@massa.us;93
Jennifer Levine;666-255-3192;Beck@Integer.com;94
Bruce Berry;841-504-8395;Perry@vestibulum.org;95
Ferdinand Vance;357-266-4825;Branden@ridiculus.net;96
Reagan Freeman;153-097-1289;Kevin@magna.net;97
Linus Lambert;182-790-7652;Shea@metus.com;98
Trevor Hicks;087-267-2712;Laurel@nec.com;99
Noel Matthews;053-143-9307;Hollee@lobortis.net;100
Kato Craig;835-925-9436;Griffith@eleifend.org;101
Calvin Ball;706-234-5309;Willow@aliquam.net;102
Rhoda Jacobs;273-841-6901;Leandra@mus.net;103
Ivan Mitchell;886-371-8471;Upton@ultricies.gov;104
Kieran Clark;294-351-0612;Mason@litora.us;105
MacKenzie Caldwell;911-731-2657;Elmo@cubilia.edu;106
Jamalia Hayes;662-257-7209;Allistair@nisl.net;107
Dieter Campos;046-953-9591;Rahim@hendrerit.net;108
Christian Kirk;662-767-1750;Leigh@dis.gov;109
Joan Rowe;042-442-3003;Otto@scelerisque.org;110
Melanie Kirk;684-265-4597;Helen@faucibus.gov;111
Faith Garner;011-767-4658;Indigo@lorem.edu;112
Carlos Haynes;824-931-8777;Giacomo@porttitor.net;113
Martha Cooley;397-936-2447;Gray@vulputate.us;114
Kristen Brooks;120-071-6428;Ira@accumsan.net;115
Dane Harrell;201-560-7103;Meredith@leo.org;116
Fitzgerald Decker;309-327-1307;Zeus@tellus.edu;117
Ariana Sweeney;131-714-4471;Denton@elementum.us;118
Tyrone Bernard;859-457-2265;Lois@adipiscing.edu;119
Morgan Mann;864-043-8153;Octavius@mollis.com;120
Inez Mcintosh;719-081-9623;Leilani@fermentum.gov;121
Walker Perry;184-620-5755;Lawrence@blandit.org;122
Kylie Logan;351-117-0310;Allen@tincidunt.us;123
Cole Ayala;666-352-3537;Hamish@fames.org;124
Orli Travis;772-683-6052;Shea@ipsum.us;125
Curran Wooten;440-711-5167;Imani@et.com;126
Vincent Estes;003-933-5383;Ella@primis.us;127
Zelenia Jacobson;315-588-8318;Adria@Class.us;128
Mari Walls;090-902-1157;Honorato@scelerisque.net;129
Yetta Lucas;609-910-3993;Lucian@egestas.gov;130
Garrison Valenzuela;363-109-0269;Felix@nisi.net;131
Ayanna Lindsey;773-939-3252;Olivia@ut.edu;132
Lara Sawyer;754-582-5811;Vivien@est.gov;133
Lionel Hobbs;782-161-8131;Seth@dictum.us;134
Isaiah Elliott;107-968-7223;Gage@pede.org;135
Jeremy Robinson;632-540-8833;Olivia@suscipit.com;136
Norman Mcintosh;284-942-7964;Kennedy@Vestibulum.org;137
Connor Chambers;872-851-4238;Alec@Nullam.us;138
Jamalia Sims;277-280-0644;Stephanie@est.edu;139
Cole Baxter;310-687-4916;Astra@gravida.org;140
Ingrid Boone;112-274-4460;Drake@Maecenas.com;141
Keely Perez;600-365-0027;Karly@lacinia.us;142
Montana Terrell;798-509-9068;Darrel@Mauris.gov;143
Emerson Mathews;797-832-0674;Kiara@porttitor.edu;144
Nayda Walker;336-801-8610;Germaine@id.us;145
Price Booth;494-129-8772;Echo@ut.us;146
Brittany Bowers;557-441-2676;Sylvester@aliquam.net;147
Deacon Bass;013-317-5208;Sybill@sollicitudin.org;148
McKenzie Orr;621-098-1809;Risa@orci.com;149
Gwendolyn Battle;079-837-1843;Brody@Aenean.edu;150
Helen Glover;707-110-8457;Giacomo@penatibus.org;151
Maggie Carter;942-363-6181;Amena@sagittis.gov;152
Duncan Blankenship;448-132-4221;Hector@nisl.gov;153
Jakeem Decker;738-511-8339;Robert@diam.com;154
Irene Short;555-400-3696;Felix@pulvinar.org;155
Fritz Newman;365-960-6043;Virginia@sapien.edu;156
Daniel Webb;821-120-7115;Kenneth@condimentum.org;157
Evan Williamson;753-251-8561;Azalia@cubilia.gov;158
Tobias Conway;731-105-0967;Magee@netus.net;159
Sigourney Lowe;363-538-4068;Pearl@at.gov;160
Cameran Conner;075-354-6493;Nicholas@pede.gov;161
May Sherman;993-209-0545;Deacon@ultrices.gov;162
Alvin Swanson;015-863-2334;Armando@euismod.gov;163
Nigel Hoffman;136-524-6937;Lani@netus.us;164
Chandler Alford;963-707-7788;Thomas@purus.org;165
Kalia Baker;028-770-3843;Fulton@dignissim.us;166
Otto Reese;997-137-2011;Kai@congue.edu;167
Indigo Landry;790-457-8092;Uriah@sapien.com;168
Lars Obrien;080-253-2660;Gregory@condimentum.us;169
Cecilia Bradford;604-071-9497;Faith@Vivamus.gov;170
Adria Kirby;504-954-2281;Hammett@condimentum.edu;171
Evelyn Stein;228-643-9949;Judith@ultrices.gov;172
Vernon Cooley;263-585-6204;Miranda@Donec.net;173
Armando Wilkinson;147-510-2437;Griffith@consectetuer.org;174
Cullen Martinez;824-678-2028;Cruz@cursus.org;175
Zelenia Savage;587-175-8001;Carson@justo.net;176
Allen Melendez;285-425-3697;Wendy@nonummy.org;177
Amity Knox;399-343-0430;Branden@primis.edu;178
Wayne Gamble;335-643-6715;Imelda@diam.edu;179
Isaac Rivers;233-863-1862;Daquan@dolor.org;180
Josiah Jensen;833-863-9397;Mercedes@nostra.com;181
Abraham Shelton;565-089-5891;Walker@erat.us;182
Brynne Benton;910-142-5575;Morgan@facilisis.org;183
Quail Gregory;523-104-3535;Violet@pede.com;184
Wyoming Johnston;787-240-3877;Kyle@lobortis.edu;185
Ainsley Terry;469-952-5190;Amos@feugiat.edu;186
Gretchen Ball;217-132-8191;Plato@arcu.net;187
Aaron English;577-606-9712;Keane@Nullam.gov;188
Alea Perry;167-463-9516;Chase@arcu.gov;189
Veda Ferguson;786-219-9104;Hoyt@placerat.edu;190
Stella Aguirre;010-970-0834;Urielle@nisl.gov;191
Henry Warner;683-302-9340;Grant@ac.net;192
Alexis Guerra;373-788-7250;Dara@dapibus.gov;193
Wade Roth;954-608-2392;Aphrodite@velit.com;194
Rajah Pope;297-031-9938;Vaughan@Nulla.org;195
Courtney Beasley;121-785-5758;Hedley@imperdiet.com;196
Morgan Osborne;254-990-7608;Hall@commodo.net;197
Yvonne Cline;467-825-9809;Rebekah@non.us;198
Ava Maldonado;681-048-6845;Ralph@litora.net;199
Giselle Moss;147-040-9589;Upton@egestas.us;200
Pandora Contreras;874-462-2262;Lynn@dui.gov;201
Heather Levine;303-830-2792;Galvin@enim.com;202
Alea Fischer;642-190-2867;Alice@pharetra.com;203
Cally Wiley;961-466-6903;Chava@magnis.org;204
Salvador Gamble;888-995-5980;Phelan@ultrices.edu;205
Ryan Holman;217-249-9447;Kylynn@torquent.com;206
Ross Kelley;548-437-3589;Juliet@et.net;207
Zelenia Hooper;909-977-7734;Xanthus@purus.net;208
Skyler Padilla;791-418-6562;Chastity@luctus.us;209
Ryan Nelson;662-826-1923;Nita@consectetuer.org;210
Laura Garcia;336-616-9017;Chaney@interdum.edu;211
Dean Wong;976-396-0396;Clayton@Morbi.net;212
Yasir James;146-371-3753;Belle@ac.org;213
Alice Weiss;103-646-9344;Mariko@nisl.net;214
Tanner Bridges;776-784-1421;Rylee@Curabitur.gov;215
Myra Sykes;127-246-4615;Nita@augue.us;216
Kiara Gallegos;846-341-5749;Desirae@nascetur.org;217
Cailin Walker;999-240-2435;Lael@condimentum.com;218
Shafira Crosby;525-289-0529;Sasha@lorem.net;219
Iona Newman;635-573-9074;Sopoline@Sed.gov;220
Malik Padilla;218-927-9770;Maggie@Ut.edu;221
Justin Petty;511-621-8093;Allen@eu.gov;222
Serina Horn;963-544-8088;Aimee@Praesent.com;223
Joelle Patrick;033-180-8113;Daphne@nonummy.us;224
Faith Martinez;771-038-6249;Shelley@nascetur.org;225
Ali Baker;381-796-3261;Luke@malesuada.edu;226
Macon Le;618-622-9002;Keegan@Aenean.edu;227
Aladdin Hicks;125-505-0926;Colby@turpis.gov;228
Fatima Richmond;948-556-3140;Oliver@laoreet.net;229
Lois Keith;255-661-1285;Erich@sapien.com;230
Wade Dickerson;014-802-2464;Natalie@Nulla.net;231
Vielka Beasley;410-510-4290;Rebecca@vestibulum.com;232
Rylee Roth;374-679-8173;Ahmed@conubia.us;233
Hadassah Rocha;023-533-5556;Aspen@elit.us;234
Hall Rivers;846-595-9627;McKenzie@nec.com;235
Ariana Greene;071-833-3282;Imogene@eleifend.org;236
Orson Conrad;886-219-5279;Ferris@natoque.net;237
Vladimir Cortez;727-426-4675;Raja@nec.edu;238
Katelyn Stevens;454-312-4637;Micah@fringilla.net;239
Rashad Bird;315-210-7875;Alden@cubilia.gov;240
Hanae Avila;595-512-7738;Kuame@pharetra.org;241
Fuller Alvarado;638-843-9473;Lynn@sapien.us;242
Xantha Henderson;516-387-6057;Malik@molestie.gov;243
Macey Chandler;775-183-5591;Malachi@hendrerit.us;244
Harrison Solomon;654-978-9618;Madonna@dignissim.us;245
Wayne Ortiz;597-121-2425;Christian@placerat.com;246
Sandra Finley;676-179-0197;Ann@orci.gov;247
Paul Waters;959-144-7186;Neil@nostra.org;248
Nell Harrison;066-943-5839;Kellie@per.us;249
Paula Pratt;109-238-4869;Fleur@euismod.edu;250
Meredith Barnett;244-939-8662;McKenzie@mauris.edu;251
Sydnee Hanson;281-807-8906;Graiden@fermentum.gov;252
Quentin Snow;578-781-4563;Idola@rhoncus.gov;253
Haviva Wolf;745-907-6705;Melissa@orci.us;254
Jack Sosa;626-340-3447;Courtney@vehicula.us;255
Willow Dale;673-725-3399;David@magna.org;256
Whoopi Glover;764-269-2048;Adena@ullamcorper.edu;257
Andrew Pollard;315-412-4276;Carson@hendrerit.com;258
Hop Morrison;134-665-8550;Kellie@ut.net;259
Caryn Justice;178-816-3915;Murphy@Class.net;260
Ann Terry;625-277-8054;Teagan@dis.us;261
Finn Gibson;621-479-4635;Ezekiel@justo.com;262
Matthew Joyce;445-241-7693;Rachel@faucibus.us;263
Patience Jackson;304-547-6306;Bertha@Class.gov;264
Gretchen Pearson;361-990-5069;Mara@lectus.net;265
Prescott Marsh;588-111-3812;Walker@leo.org;266
Shay Massey;877-620-7988;Mason@urna.gov;267
Bethany Horne;664-062-9847;Rafael@Sed.us;268
Zeus Levy;776-452-4805;Allen@Aenean.us;269
Rowan Stephenson;975-218-8137;Hilel@tempus.edu;270
Grady Sutton;122-531-8935;Adrian@dignissim.edu;271
Cherokee Campos;677-402-3752;Ezekiel@viverra.us;272
Nolan West;097-187-0886;Porter@varius.edu;273
Yuli Galloway;042-947-4015;Maisie@tempor.org;274
Cailin Hooper;393-029-2724;Dale@Vivamus.edu;275
Denise Herring;074-530-4175;Laith@imperdiet.net;276
Chandler Guthrie;942-243-5667;Charles@vestibulum.net;277
Jack Moreno;754-359-9562;Anthony@sagittis.org;278
Bert Brown;179-611-8606;Sara@luctus.edu;279
Patrick Oneill;095-240-7588;Callum@lacus.net;280
Sarah Sheppard;001-242-5921;Hector@tellus.us;281
Nita Espinoza;605-599-1684;Lareina@non.org;282
Adele Love;014-589-4368;Brent@senectus.net;283
Regina Colon;719-049-7124;Elton@purus.net;284
Athena Davenport;655-898-3604;Dai@convallis.gov;285
Teegan Wilder;250-186-3743;Avram@dolor.edu;286
Brooke Meadows;623-651-6544;Scott@ante.gov;287
Molly Perry;855-715-5997;Brenden@nonummy.net;288
Amir Horn;866-183-8835;Kamal@nulla.us;289
Kim Marsh;305-420-9571;Dai@turpis.us;290
Tashya Burks;878-503-6074;Avye@euismod.org;291
Jonas Shepard;193-287-1466;Jolie@turpis.com;292
Ima Tillman;271-448-3187;Yvette@ullamcorper.com;293
Vance Cohen;338-696-4065;Maggy@nisi.org;294
Eaton Haynes;734-214-6402;September@aliquet.edu;295
Summer Hansen;604-321-3559;Theodore@lectus.com;296
Kadeem Underwood;229-362-1458;Alden@orci.net;297
Quinn Barrera;542-763-9745;Nayda@leo.org;298
Calvin Harrison;573-409-6095;Keiko@enim.us;299
Giselle Weeks;470-041-2669;Demetrius@Vivamus.org;300
Kuame Ross;217-422-3327;Scarlet@Vestibulum.com;301
Roth Pierce;848-139-5612;Virginia@primis.us;302
Melissa Casey;033-752-9241;Tatiana@Vestibulum.gov;303
Stone Villarreal;843-779-2510;Skyler@montes.net;304
Savannah Bauer;582-947-2918;Claudia@Nullam.us;305
Yen Brown;506-779-5166;Dean@parturient.net;306
Shelly Bradford;023-742-9900;Debra@inceptos.gov;307
Bertha Hoffman;195-541-5627;Regina@sapien.com;308
Piper Kirby;375-425-1577;Christen@tincidunt.com;309
Whilemina Fulton;303-120-0650;Seth@pellentesque.gov;310
Caldwell Snow;277-719-2306;Tamara@litora.us;311
Elvis Byers;779-951-8068;Aaron@ornare.edu;312
Zephania Beasley;694-348-4355;Laura@vulputate.us;313
Iliana Mccray;617-311-3879;Chanda@Integer.edu;314
Ann Hays;919-077-8222;Dominic@ac.org;315
Deborah Boone;414-054-8183;Forrest@adipiscing.us;316
Jason Wallace;864-610-2071;Jason@sodales.net;317
Madeline Mitchell;857-149-0528;Fiona@Fusce.net;318
Quynn Rojas;946-043-1244;Elijah@In.us;319
Flynn Vinson;671-880-6050;Kristen@nascetur.edu;320
Herrod Lowery;818-417-2085;Meghan@sollicitudin.net;321
Rama Patton;858-172-4055;Noah@dolor.net;322
Lenore Duran;104-721-9389;Dale@Nunc.us;323
September Kirby;510-040-7782;Kyla@Nulla.com;324
Noah Yang;135-432-5519;Perry@eget.edu;325
Shad Cameron;000-527-8527;Avram@ipsum.com;326
Lavinia Willis;509-660-5666;Britanni@sem.net;327
Baxter Castaneda;972-790-6375;Shelly@est.org;328
Ahmed Tillman;333-921-3689;Gray@imperdiet.us;329
Briar Dalton;256-621-5431;Ima@massa.edu;330
Naida Kim;563-956-2439;Alea@urna.edu;331
Ria Mccullough;097-605-5454;Germaine@magna.gov;332
Dane Love;803-629-5288;Jonas@Nullam.com;333
Yael Olsen;763-002-2778;Tamara@pharetra.gov;334
William Snow;923-281-0111;Boris@aptent.us;335
Cailin Grimes;328-262-7471;Vivien@penatibus.gov;336
Delilah Burton;980-435-3382;Aretha@iaculis.edu;337
Ebony Schmidt;783-666-2489;Henry@ultricies.org;338
Amity Shelton;366-497-2942;Natalie@aliquam.org;339
Jessamine Pace;872-321-0683;Holmes@Lorem.us;340
Jermaine Crosby;459-110-7509;Dante@bibendum.net;341
Elvis Conrad;115-595-8706;Alisa@Donec.org;342
Arden Mcknight;115-350-7476;Jenette@vel.com;343
Cruz Byers;236-861-4696;Aurelia@In.us;344
Brady Morrison;259-355-5782;Brenden@ultrices.com;345
Kathleen Delaney;184-709-9358;Aaron@lobortis.gov;346
Dominic Morse;987-811-6870;Cailin@Nam.net;347
Price Mueller;363-848-3136;Cairo@Fusce.org;348
Luke Ryan;980-728-9330;Hiram@tellus.net;349
Raphael Grimes;185-588-3333;Mannix@lobortis.com;350
Regina Vaughn;416-277-5640;Skyler@aliquam.org;351
Jessica Vang;361-734-2063;Ria@sit.edu;352
Mia Becker;021-334-6598;Howard@porttitor.org;353
Merrill Soto;247-334-3170;Nora@faucibus.org;354
Fritz Dickson;388-356-7305;Emerson@elementum.edu;355
Irene Merritt;935-938-3394;Kamal@posuere.gov;356
Rogan Watkins;958-678-6068;Kenyon@Ut.net;357
Maris Nunez;838-541-2130;Alan@egestas.us;358
Kelly Simpson;387-985-8304;Alfonso@eu.gov;359
James Mclean;701-510-7763;Nicholas@cubilia.edu;360
Stacey Nieves;489-273-2500;Ferdinand@porta.org;361
Steven Clarke;099-921-7953;Ignacia@turpis.gov;362
McKenzie Schmidt;044-406-4420;Sylvester@nascetur.com;363
Xenos Hobbs;678-550-3250;Xander@quam.edu;364
Lee Fisher;450-246-9882;Charles@lacinia.us;365
Richard Hunt;966-992-4076;Knox@erat.edu;366
Hedy Vang;236-665-4530;Karleigh@consectetuer.us;367
Sawyer Doyle;473-988-9249;Todd@vestibulum.com;368
Hammett Powell;833-088-3421;Whoopi@condimentum.us;369
Yael Gallagher;226-343-5575;Rajah@turpis.com;370
Montana Booker;124-623-9785;Cora@consequat.us;371
Cairo Hutchinson;998-405-8174;Ciara@Praesent.us;372
Lane Tanner;189-631-1235;Omar@tincidunt.net;373
Jasmine Yates;143-467-0451;Cassady@facilisis.edu;374
Brody Ballard;282-406-0248;Lucas@Pellentesque.us;375
Christine Boyer;131-884-7660;Elliott@fermentum.net;376
Daria Head;489-571-6519;Pamela@neque.net;377
Jamal Moran;812-567-9189;Lesley@nunc.com;378
Tanner House;078-688-1167;Rose@ultricies.com;379
Autumn Greer;108-281-9806;Dante@eros.net;380
Rana Marshall;239-085-6726;Clark@elit.org;381
Hyacinth Huber;839-934-2005;Amity@purus.org;382
Thomas Sweeney;485-114-0819;Brian@Aenean.us;383
Jakeem Potts;995-192-3521;Aimee@erat.net;384
Madonna Church;875-307-7694;Tyrone@Maecenas.edu;385
Mufutau Wilkinson;941-854-0313;Ryan@Curabitur.net;386
Hakeem Reyes;873-271-3774;Tiger@litora.com;387
Dorian Holman;104-380-4315;Ulric@mollis.edu;388
Joelle Ellis;031-906-8534;Graiden@lacus.net;389
Colin Lawson;332-777-3454;Janna@facilisi.net;390
Colby Roberts;716-065-2370;Zephania@nostra.edu;391
Ashton Pacheco;363-179-2560;Chelsea@risus.com;392
Tanner Carver;471-357-6929;Lucius@Nullam.gov;393
Reed Key;213-242-5149;Aphrodite@massa.gov;394
Shelley Trujillo;530-125-5219;Yardley@Sed.edu;395
Jasmine Silva;318-022-4938;Felicia@facilisis.gov;396
Ezekiel Schwartz;888-699-1690;Emerald@cursus.edu;397
Garth Allen;586-343-5549;Clayton@semper.gov;398
Nathaniel Ratliff;993-562-2625;Alma@Fusce.edu;399
Oscar Ford;207-509-9924;Shelly@volutpat.com;400
Amir Griffin;706-327-1866;Aspen@sodales.org;401
Charissa Meadows;360-187-3348;Quintessa@Class.org;402
Elmo Chen;266-726-4606;Hamish@placerat.edu;403
Ethan Davidson;156-921-4049;Miranda@magnis.edu;404
Adam Hickman;554-729-2107;Lionel@felis.net;405
Dylan Hall;083-064-4936;Sara@elit.edu;406
Vivien Sparks;094-661-2479;Jocelyn@dictum.edu;407
Dorothy Ward;647-954-7757;Aspen@elementum.us;408
Nehru Rodriquez;611-211-4446;Shelley@porttitor.us;409
Ignatius Schultz;252-731-1398;Vance@urna.us;410
Jerry Conner;114-721-9416;Emily@Phasellus.gov;411
Halla Fleming;595-529-1043;Honorato@augue.us;412
Ayanna Jimenez;553-406-0363;Hannah@aliquam.org;413
Norman Talley;378-432-5831;Allegra@urna.net;414
Yoshi Carroll;644-376-5850;Lysandra@lobortis.us;415
Jarrod Franklin;010-160-2578;Geoffrey@elementum.net;416
Dustin Santana;441-480-1351;Lydia@quam.edu;417
Abra Munoz;296-683-9052;Lee@Maecenas.edu;418
Deborah Villarreal;669-509-3407;Jerry@volutpat.gov;419
Sonia Snider;535-722-5514;Bevis@malesuada.us;420
Beau Jacobson;699-576-3060;Austin@nulla.com;421
Rahim Patrick;671-285-7662;Hilda@ornare.com;422
Keelie Bentley;962-779-8144;Zachary@aliquam.edu;423
Cora Carrillo;322-958-0057;Derek@id.com;424
Hamish Small;463-472-2319;Nathaniel@sodales.org;425
Carlos Hooper;696-927-0249;Ariana@tortor.net;426
Nero Pennington;851-883-1153;Hayden@commodo.org;427
Naomi Bates;982-231-3184;Malachi@facilisi.net;428
Trevor Medina;065-037-1055;Kathleen@urna.edu;429
Rhonda Petersen;376-968-0156;Francis@Nulla.gov;430
Lee Hays;812-780-2809;Uriel@Nullam.edu;431
Zeus Shannon;317-567-5518;Demetria@In.us;432
Ivor Bowman;560-599-4245;Ronan@Lorem.us;433
Jesse Montgomery;403-787-5578;Dante@placerat.org;434
Lester Martinez;576-389-4015;Ainsley@Nunc.org;435
Ciara Hanson;400-097-6845;Sacha@Etiam.gov;436
Kaseem Bridges;995-051-3879;Dexter@Donec.gov;437
Kerry Hahn;674-291-9873;Cassidy@Class.net;438
Tana Richard;766-374-4180;Galvin@Maecenas.edu;439
Drake Daugherty;340-982-3132;Bo@risus.us;440
Carson Lancaster;973-448-7742;Gemma@consequat.net;441
Kirby Byrd;470-117-7562;Karina@sociosqu.us;442
Lester Sawyer;666-602-1689;Wesley@ridiculus.net;443
Odessa Roach;007-911-7413;Irene@Proin.us;444
Zoe Livingston;759-061-4420;Yael@netus.org;445
Yvonne Rogers;525-798-8679;Kiona@venenatis.com;446
Magee Cole;691-065-3627;Guinevere@commodo.com;447
Hunter Pierce;907-894-5748;Whoopi@natoque.edu;448
Cleo Bray;528-605-1098;Orla@Nunc.edu;449
Hedley Ruiz;868-796-5011;Maxine@congue.edu;450
Hall Benton;530-709-3911;Erin@Nam.com;451
Chiquita Pitts;517-886-4522;Shelby@lacinia.us;452
Yvonne Hamilton;209-412-9376;Lila@sociis.net;453
Jerry Jacobson;013-273-7249;Paula@auctor.edu;454
Kermit Norton;758-240-8152;Omar@dui.edu;455
Vera Strong;812-156-8096;Fredericka@Aliquam.net;456
Jarrod Hays;005-743-6470;Ulla@diam.org;457
Branden Hicks;273-556-8239;Maryam@fringilla.edu;458
Arden Sweeney;953-341-2898;Harrison@Ut.us;459
Yoshio Davis;318-857-3987;Grant@primis.com;460
Benedict Howe;829-185-9217;Karly@dictum.gov;461
Macey Whitehead;874-434-3628;Akeem@quis.com;462
Suki Mcgowan;467-965-5041;Prescott@habitant.us;463
Buffy Chen;643-382-7085;Helen@torquent.gov;464
Tanner Crosby;612-774-5161;Stewart@rhoncus.edu;465
Leslie Porter;606-638-5672;Sierra@nisl.org;466
Giacomo Williamson;958-830-4826;Zorita@Etiam.net;467
Stephanie Mosley;706-651-9625;Clinton@blandit.org;468
Derek Anthony;307-500-9779;Emerson@risus.edu;469
Paul Ward;797-877-7387;Gabriel@a.net;470
Cole Keith;207-628-6603;Chiquita@rutrum.net;471
Darrel Eaton;568-774-1219;Delilah@dolor.net;472
Nissim Nieves;910-108-2085;Yuri@dignissim.net;473
Dillon Ewing;463-553-7908;Nita@Etiam.edu;474
Jacob Jimenez;581-354-0186;Emi@ultricies.com;475
Bree Malone;953-031-0398;Harper@sem.edu;476
Lucius Mercer;795-232-8329;Martena@pretium.gov;477
Wang Macias;240-079-8708;Wanda@Ut.net;478
Neil Hardin;235-231-2452;Quentin@sollicitudin.net;479
Fulton Maynard;950-515-7157;Perry@Nullam.com;480
Harriet Moody;698-385-3477;Heidi@fames.edu;481
Daniel West;084-603-5060;Darius@Quisque.org;482
Desirae Sherman;828-942-1921;Willa@rhoncus.com;483
Chancellor Kaufman;024-006-5577;Nichole@Proin.net;484
Cairo Chandler;529-457-6716;Philip@eros.edu;485
Judah Hardy;978-552-5130;Madaline@accumsan.gov;486
Omar Best;146-235-3052;Keelie@non.net;487
Sylvester Cox;949-998-6233;Orson@Duis.edu;488
Vielka Petersen;388-545-7320;Quintessa@vitae.com;489
Abigail Pittman;464-103-7022;Holly@Curae.edu;490
Brian Jarvis;124-266-0655;Shea@libero.com;491
Mikayla Mckee;459-350-9803;Herman@Vivamus.net;492
Tobias Wooten;346-640-1272;Hop@habitant.com;493
Timon Nolan;279-960-1852;Patience@Integer.us;494
Brielle Butler;590-642-6390;Bree@dapibus.us;495
Lynn Phillips;667-624-1777;Sheila@sollicitudin.gov;496
Clementine Simpson;235-487-1219;Duncan@leo.com;497
Shad Bradley;085-342-7177;Idola@mauris.us;498
Leo Nolan;010-322-4855;Oprah@ultrices.edu;499
Gail Fuller;280-000-4676;Steel@erat.net;500
Brynn Norton;826-524-1987;Kermit@tincidunt.net;501
Kasper Miranda;038-422-1866;Zena@netus.edu;502
Simon Howard;571-561-1898;Yvonne@non.us;503
Eric Houston;930-355-3315;Keiko@sit.edu;504
Cruz Moreno;116-071-0828;Scarlet@Duis.edu;505
Merritt Page;254-787-9678;Kieran@venenatis.us;506
Mark Cardenas;210-018-0272;Bell@senectus.org;507
Gail Jordan;860-030-8930;Kristen@Curabitur.net;508
Driscoll Davenport;782-393-5020;Bo@leo.gov;509
Hayes Kerr;468-846-8892;Colorado@nec.gov;510
Deanna Stephens;711-509-5589;Britanney@bibendum.com;511
Rigel Washington;990-558-2774;Dolan@torquent.gov;512
Chelsea Mathis;056-455-7707;Beverly@commodo.gov;513
Gillian Mcbride;365-460-4332;Martena@penatibus.edu;514
Curran Silva;538-777-0727;Kameko@urna.gov;515
Tarik Coleman;124-578-4956;Kennan@nisi.org;516
Yoshio Warner;256-406-9159;Nero@placerat.net;517
Isabella Knapp;172-056-0426;Baker@mauris.org;518
Lillian Pope;525-031-6955;Kelly@adipiscing.gov;519
Mikayla Hill;696-422-7888;Lee@magna.gov;520
Arthur Mcguire;814-965-1949;Justin@non.net;521
Constance Branch;211-436-5377;Brent@tortor.com;522
Mari Good;601-722-6533;Roanna@mattis.com;523
Colorado Rodriquez;931-860-0826;Amery@dignissim.com;524
Flavia Anderson;880-785-4096;Mark@tempor.gov;525
Bianca Marquez;082-000-2352;Shana@eleifend.org;526
Jessica Rhodes;072-325-7881;Jena@lacus.us;527
Ebony Merritt;070-658-9945;Jermaine@tempor.org;528
Eagan Durham;518-485-2664;Joelle@Nullam.edu;529
Denton Barrera;867-987-5738;Renee@sit.us;530
Macon Meadows;737-617-0034;Ignacia@Maecenas.org;531
Stacy Estes;711-384-8867;Portia@ullamcorper.us;532
Lars Rogers;692-235-9719;Ryan@Phasellus.net;533
Zahir Chan;922-266-1784;Zahir@ultrices.gov;534
Maya Middleton;469-268-7902;India@fringilla.com;535
Alec Walker;582-820-0278;Herman@vulputate.net;536
Dara Small;891-971-5011;India@viverra.com;537
Quail Zimmerman;911-375-0574;Sylvester@Proin.org;538
Emma Richards;012-575-7563;Zachery@litora.edu;539
Haviva Cooley;402-368-0992;Ulysses@suscipit.us;540
India Hicks;964-969-2182;Amir@aptent.org;541
Giacomo Cameron;409-706-5447;Walter@Duis.com;542
Victoria Cain;270-013-1464;Scarlet@ut.edu;543
Celeste Chang;871-525-5356;Avram@Ut.gov;544
Sybil Woodward;958-279-8430;Carter@cubilia.gov;545
Ariana Kramer;550-953-3818;Marvin@ornare.net;546
Connor Alston;493-715-4826;Silas@ullamcorper.org;547
Lesley Lamb;663-731-2778;Sandra@penatibus.com;548
Althea Owens;675-527-3686;Cole@consequat.gov;549
Cheyenne Poole;978-929-8084;Jessamine@justo.com;550
Jackson Aguirre;544-300-1019;Juliet@risus.net;551
Amity Clemons;689-164-0402;Aretha@ut.net;552
Colt Valdez;882-250-1771;Colton@metus.us;553
Phillip Beard;967-998-1489;Grady@ante.us;554
Jerry Hall;362-371-5053;Harrison@morbi.com;555
Cassidy Clay;380-685-7534;Lucy@Nunc.us;556
Emmanuel Bauer;614-818-2465;Yuli@semper.com;557
Keaton Wong;276-977-0753;Teegan@nonummy.com;558
Dawn Higgins;876-198-0042;Russell@Phasellus.org;559
Gabriel Curtis;906-450-7380;Hilary@commodo.gov;560
Jocelyn Cummings;104-238-9346;Hanae@magna.gov;561
Xaviera Lindsay;171-239-9659;Griffin@lorem.org;562
Olivia Howell;959-398-1373;Fiona@ornare.org;563
Sade Mcmillan;552-436-6559;Cody@ligula.us;564
Jack Harding;272-734-6763;Constance@velit.edu;565
Jermaine Franklin;336-175-4570;Stephanie@Class.com;566
Patrick Tucker;865-306-8029;Iris@Nullam.edu;567
Samantha Landry;136-296-2339;Rae@ipsum.org;568
Yvette England;078-873-7893;Zorita@Proin.com;569
Thane Manning;430-877-8882;Fletcher@Pellentesque.edu;570
Oscar Miller;307-512-0060;Hadley@habitant.com;571
Timothy Martin;822-757-0832;April@felis.com;572
Steel Beasley;239-660-6234;Dai@Maecenas.gov;573
Upton Valentine;396-095-4912;Alvin@vestibulum.com;574
Raphael Dominguez;756-573-5643;Pascale@Class.com;575
Xantha Mayo;918-911-1440;Audra@sodales.net;576
Ferris Gonzalez;892-977-1822;Callum@tempor.net;577
Shellie Harding;466-169-4682;Halee@primis.gov;578
Igor Kemp;810-348-2094;Adara@Quisque.edu;579
Rosalyn Mccall;973-039-7720;Justina@sodales.org;580
Quyn Holt;085-551-5468;Martin@cursus.org;581
Lacey Hoover;520-795-1625;Kato@Cras.org;582
Vladimir Mueller;430-694-9422;Thor@turpis.org;583
Tatiana Daniel;578-053-9106;Serina@velit.gov;584
Quamar Faulkner;078-093-1221;Erica@dapibus.com;585
Amaya Whitehead;461-672-6416;Macey@Lorem.org;586
Erich Pacheco;344-839-7260;Signe@nostra.us;587
Charity York;160-142-8350;Alec@turpis.net;588
Keane Stewart;066-398-8306;Kuame@torquent.org;589
Stewart Pickett;503-490-5709;Bruno@Nam.org;590
Ian Hopkins;922-979-7141;Erica@cubilia.net;591
Leslie Humphrey;614-989-5533;Armand@vestibulum.net;592
Brittany Banks;957-289-7147;Dustin@Vivamus.net;593
Wesley Estes;998-461-4123;Christine@metus.org;594
Maryam Mckinney;345-764-6572;Daphne@taciti.com;595
Hashim Griffith;690-104-8124;Shana@nulla.edu;596
Hiram Frederick;995-249-2465;Omar@Maecenas.com;597
Jenette Bowers;475-043-9629;Thomas@lobortis.edu;598
Alexander Mcpherson;324-480-5718;Talon@ullamcorper.net;599
Cathleen Yates;037-288-7347;Ainsley@in.us;600
Amena Page;029-558-2896;Fleur@cursus.us;601
Mary Cash;184-055-5734;Tara@eget.net;602
Heather Shepherd;173-802-7965;Patience@aptent.us;603
Mark Turner;693-803-2935;Shaine@lobortis.org;604
Herrod Randall;914-430-7337;Cairo@pellentesque.us;605
Carolyn Velasquez;698-498-8394;Indira@rhoncus.gov;606
Ivan Colon;071-905-7836;Ocean@metus.edu;607
Kiayada Herrera;964-155-7690;Grace@nunc.gov;608
Cassandra Vinson;105-535-5498;Zephania@lobortis.edu;609
Dorian Gallegos;664-565-5867;Phelan@pretium.edu;610
Lucy Lamb;508-757-9536;Colorado@nostra.gov;611
Buckminster Beasley;673-008-9307;Neil@purus.net;612
Echo Dotson;954-818-2047;Ciaran@Proin.net;613
Christen Rasmussen;318-109-6166;Inga@ligula.edu;614
Ryder Kerr;739-332-3341;Joel@velit.edu;615
Joshua Shaffer;096-531-9936;Ariel@taciti.gov;616
Leonard Henry;699-170-3537;Roth@Class.us;617
Ariel Franklin;320-552-8275;Eleanor@nec.com;618
Uriel Francis;596-308-5622;Quon@vel.gov;619
Talon Johns;620-609-4310;Colette@Curabitur.net;620
Sheila Koch;844-876-9326;Remedios@Morbi.gov;621
Gabriel Romero;156-499-1962;Irma@porttitor.com;622
Kareem Gaines;642-510-2428;Kennan@senectus.org;623
Pascale Dotson;832-514-0917;Moses@Nam.net;624
Abdul Cain;144-561-2634;Pearl@gravida.net;625
Ainsley Coleman;778-106-2105;Vielka@Donec.com;626
Alvin Stanton;499-894-5429;Harriet@tempus.org;627
Steel Love;719-072-6696;Jayme@nisl.us;628
Chancellor Tillman;618-062-6456;Jaime@viverra.gov;629
Brynne Guy;267-418-6373;Kuame@lorem.us;630
Mia Sloan;383-175-4188;Summer@pretium.gov;631
Summer Golden;466-535-0915;Elton@Etiam.com;632
Declan Craig;493-166-0995;Lionel@ultrices.com;633
Gretchen Guerrero;320-891-4207;Germane@at.us;634
Ivana Martin;250-576-2877;Sonia@sem.net;635
Solomon Medina;660-451-8119;Veda@turpis.us;636
Sacha Mcfarland;081-246-0234;Victoria@placerat.net;637
Cleo Farley;829-410-5071;Ava@consectetuer.gov;638
Stacey Le;454-861-0196;Thane@vehicula.edu;639
Tobias Quinn;149-763-2840;Ginger@Fusce.edu;640
Patrick Ellis;318-872-0273;Quintessa@eu.net;641
William Patterson;513-887-4378;Ariel@tempor.us;642
Colorado Adams;324-585-5587;Berk@Curabitur.org;643
Lillian Bright;035-756-4495;Moana@Cum.edu;644
Idona Morrow;498-598-6375;Yoshio@tortor.edu;645
Hayfa Maxwell;709-650-2591;Constance@Fusce.org;646
Yoshio Farrell;541-899-8256;Patrick@ipsum.net;647
Thane Hancock;366-576-9492;Todd@sodales.org;648
Nero Carter;883-973-4109;Shelly@hymenaeos.edu;649
Eaton Watkins;744-019-4088;Merritt@vulputate.us;650
Amela Gardner;249-055-7407;Mollie@Proin.us;651
Desiree Alvarez;078-574-6698;Carolyn@Sed.gov;652
Tashya Christian;149-355-4730;Gillian@ornare.org;653
Jack Garcia;784-603-1499;Reed@tellus.us;654
Leslie Holmes;966-047-7731;Kylan@nostra.gov;655
Evangeline Trujillo;316-323-5432;Orli@montes.org;656
Brody Mullen;357-182-5317;Hyatt@mauris.us;657
Margaret Hyde;783-353-5118;Lyle@Vivamus.net;658
Breanna Tanner;193-104-6436;Alfonso@sapien.edu;659
Myles Santana;146-236-0481;Ursula@faucibus.net;660
Rajah Trevino;824-816-6143;Lucy@eget.gov;661
Maia Riggs;018-847-0129;Wanda@pellentesque.edu;662
Kimberley Downs;813-093-7473;Marvin@ligula.edu;663
Ivan Whitaker;406-849-0882;Donovan@cubilia.us;664
Sebastian Herman;607-243-5370;Deacon@convallis.com;665
Blake Clayton;515-579-2318;Cecilia@lorem.us;666
Tanisha Shepherd;820-544-6553;Pearl@magna.net;667
Donna Guerrero;246-045-7036;Gil@nascetur.org;668
Maile Villarreal;452-175-6921;Jessica@urna.net;669
Ross Bass;988-491-7409;Savannah@risus.us;670
Ruby Cash;500-491-2326;Marny@rhoncus.gov;671
Thane Harper;821-539-7533;Yardley@mi.edu;672
Merrill Cohen;462-734-6013;Elliott@malesuada.org;673
Rina Burks;706-172-1057;Yardley@suscipit.gov;674
Emi Hayden;422-710-9841;Celeste@imperdiet.com;675
Drake Foster;904-040-7193;Basil@mus.gov;676
Tallulah Elliott;877-553-1877;Luke@ac.com;677
Alexander Johns;686-810-0760;Marah@fringilla.edu;678
Wilma Cortez;458-076-6926;Neville@habitant.org;679
Dora Watts;511-053-3269;Ryan@blandit.edu;680
Tallulah Kirkland;742-950-9171;Herman@interdum.gov;681
Charity Morton;456-140-7835;Rae@lobortis.gov;682
Ryder Spence;988-822-6594;Vincent@Maecenas.org;683
Odysseus Suarez;633-712-8379;Clio@faucibus.org;684
Venus Mcmillan;861-042-8583;Mercedes@sollicitudin.com;685
Omar Patel;257-292-1388;Cruz@erat.net;686
Azalia Lindsey;322-665-8016;Patrick@Curabitur.net;687
Kato Ryan;692-513-3438;Ishmael@morbi.com;688
Josephine Hurley;302-020-6364;Jolie@porttitor.net;689
Marvin Rosales;068-128-6801;Norman@gravida.gov;690
Damian Simmons;900-851-2359;Justin@Quisque.com;691
Maxwell Moore;340-392-8871;Cora@Integer.net;692
Uta Nichols;518-968-9765;Uta@elementum.com;693
Cassady Larson;348-140-9632;Melodie@natoque.us;694
Hoyt Chang;711-966-9516;Miranda@ridiculus.gov;695
Robin Cohen;146-967-4610;Chantale@tempus.net;696
Tatyana Pearson;322-845-7016;Merrill@Donec.us;697
Cedric Rivers;776-085-9598;Rylee@egestas.gov;698
MacKenzie Colon;859-426-5169;Lesley@non.gov;699
Clayton Jarvis;142-720-3869;Tamekah@Aliquam.gov;700
Anne Morales;979-539-7505;Leila@In.com;701
Ishmael Kirby;070-007-0488;Delilah@lacus.us;702
Jonah Townsend;894-980-5488;Isadora@Class.edu;703
Nissim Patton;552-058-2254;Linda@mattis.net;704
Kaitlin Kim;732-768-9813;Zoe@litora.gov;705
Carla Mcgowan;045-525-4779;Rylee@neque.edu;706
Alexander Cochran;661-953-1330;Daquan@euismod.us;707
Camille Hart;425-247-3283;Rachel@molestie.net;708
Alice Atkinson;653-123-8125;Kristen@egestas.net;709
Slade Kirkland;899-853-0900;Imelda@Vestibulum.com;710
Fleur Oconnor;277-197-1965;Sheila@nibh.net;711
Malachi Barnes;353-416-5191;Petra@fermentum.gov;712
Lael Gregory;098-323-5007;Abraham@parturient.edu;713
Eagan Ramos;814-932-9611;Mark@Cras.net;714
Anne Mccormick;186-909-2789;Carter@id.net;715
Abbot Byers;963-501-6905;Logan@pulvinar.us;716
Emerald Manning;980-602-8377;Lesley@penatibus.net;717
Amir Burch;257-433-9697;Amos@purus.com;718
Julian Reynolds;165-910-8579;Flynn@dignissim.us;719
Noah Delacruz;739-144-3548;Isaiah@amet.gov;720
Rashad Porter;130-384-8328;Anika@Praesent.net;721
Gil Conrad;477-591-7630;Brent@ac.com;722
Cailin Rhodes;204-333-3917;Kieran@Proin.com;723
Duncan Adams;011-962-6511;Zane@Class.gov;724
Raja Avila;609-782-9512;Hillary@fringilla.org;725
Maggy Garner;864-582-9488;Delilah@aliquet.us;726
Slade Mann;083-216-3543;Chelsea@semper.net;727
Randall Wiley;036-672-6577;Zorita@senectus.com;728
Xantha Kinney;392-269-4508;Janna@iaculis.us;729
Quon Morgan;875-148-3921;Aurelia@sociosqu.edu;730
Zeus Cote;664-394-0445;Carolyn@Maecenas.com;731
Melanie Reeves;938-527-9150;Chantale@posuere.net;732
Veda Steele;913-875-8286;Mark@lacus.net;733
Raven Greene;021-462-3992;Kirsten@malesuada.org;734
Wade Guzman;397-813-6746;Graiden@aptent.org;735
Ronan Gillespie;568-856-8941;Lee@dapibus.org;736
Candice Weeks;226-267-2277;Nomlanga@nulla.org;737
Veronica Duke;798-337-2657;Benjamin@pellentesque.gov;738
Axel Richardson;456-159-9556;Judith@porta.com;739
Adam Mcclain;381-301-3765;Stephen@at.com;740
Gavin Lester;590-842-5052;Kitra@primis.edu;741
Chase Alston;519-186-9686;Jermaine@tristique.org;742
Axel Davis;908-817-6768;Lane@velit.edu;743
Jeremy Franks;389-311-2136;Keelie@non.gov;744
Lacy Thomas;222-211-4347;Keane@eleifend.edu;745
Jameson Mclaughlin;761-217-1364;Meredith@Cras.gov;746
Dustin Farley;272-074-8817;Isaiah@netus.net;747
Hyacinth Weber;287-513-4160;Cullen@porttitor.us;748
Nayda Barry;260-288-3523;Venus@malesuada.net;749
Joseph Farmer;575-960-3176;Lael@leo.edu;750
Georgia Herman;138-913-9737;Cade@laoreet.net;751
Bernard Strong;617-004-6699;Lester@conubia.edu;752
Lyle Meadows;370-603-2166;Bernard@natoque.us;753
Blaze Fuller;297-449-4060;Francesca@faucibus.net;754
Seth Nunez;308-941-5472;Tobias@erat.org;755
Ebony Savage;893-361-5307;Dorothy@morbi.edu;756
Lysandra Sargent;889-287-3249;Scarlet@auctor.com;757
Armando Short;907-521-3809;Jermaine@elementum.us;758
Cassady Sloan;155-811-3467;Rafael@posuere.org;759
Kamal Dillard;131-281-1331;Indigo@porttitor.com;760
Gary English;864-551-8089;Elmo@mauris.gov;761
Alden Mills;374-540-4005;Anne@Cras.us;762
Melvin Garrett;908-084-2058;Kaye@dictum.net;763
Keely Arnold;636-813-8679;Mona@pharetra.gov;764
Colette Goodman;570-262-1774;Shellie@diam.org;765
Gemma Peters;972-093-9822;Cora@ultricies.us;766
Tobias Donaldson;356-085-3687;Amena@lobortis.us;767
Azalia Workman;762-969-9786;Zelenia@condimentum.net;768
Lisandra Slater;289-385-2995;Melissa@eleifend.org;769
Signe Bryan;482-984-2772;Blythe@id.org;770
Charde Leonard;399-181-2828;Barclay@leo.gov;771
Tamekah Horton;106-405-4794;Carlos@vestibulum.gov;772
Mia Bennett;879-113-9100;August@neque.gov;773
Elijah Bauer;414-198-9438;Hayley@urna.edu;774
Kamal Mccoy;294-801-5157;Brent@consectetuer.org;775
Herman Benton;086-859-0423;Idona@venenatis.us;776
Gary Chapman;751-595-0567;Blossom@aliquam.edu;777
Keelie Cash;591-976-3737;Jessamine@amet.us;778
Nathan Molina;220-617-0118;Ali@rhoncus.us;779
Quentin James;008-582-7807;Chadwick@senectus.gov;780
Brenden Castro;244-154-2328;Lacey@aliquam.us;781
Nomlanga Young;937-352-8821;Amos@aliquam.gov;782
Hammett Mcmillan;821-534-8672;Basil@metus.com;783
Kalia Pittman;522-299-0103;Lucas@vestibulum.com;784
Candace Vinson;700-783-3375;Mallory@eu.gov;785
Ina Glenn;085-994-5114;Kadeem@fames.com;786
Hadassah Bridges;707-138-9057;Kiayada@ultrices.us;787
Rhonda Clay;670-425-1093;Hayley@Ut.org;788
Cathleen Schroeder;109-008-6667;Jayme@nascetur.gov;789
Amy George;471-474-6753;Imani@sagittis.edu;790
Pamela Hess;436-025-8308;Matthew@velit.gov;791
Damian Zimmerman;126-852-1567;Erica@lorem.com;792
Medge Welch;241-288-2014;Alexis@nibh.com;793
Burton Hewitt;470-701-9856;Oren@Nam.net;794
Althea Vaughan;156-320-2072;Channing@rutrum.gov;795
Samuel Chandler;405-067-3475;Leroy@pulvinar.net;796
Yoko Jacobs;036-703-0291;Hall@Mauris.com;797
Naomi Barnett;182-192-7094;Brenden@eros.net;798
Madison Wilder;383-224-1321;Maggy@Quisque.edu;799
Garrett Guthrie;937-331-4403;Leroy@dui.net;800
Buckminster Ashley;275-470-5518;Sarah@Nam.org;801
Amir Avery;102-905-7387;Karina@Integer.us;802
Brian Berg;037-460-0812;Melissa@pede.gov;803
Cleo Meyers;284-365-8322;Macey@sollicitudin.com;804
Whilemina Duncan;034-560-3298;Ashton@vulputate.net;805
Abdul Webb;872-602-6007;Asher@consectetuer.net;806
Fleur Gates;374-590-9474;Amethyst@dolor.us;807
Brian Mcpherson;821-482-3401;Fredericka@elementum.org;808
Madeson Hayes;324-526-7933;Urielle@pellentesque.us;809
Paula Hubbard;014-408-1758;Hasad@Etiam.net;810
Griffin Mcdaniel;791-459-3588;Gage@ultrices.gov;811
Yeo Zimmerman;616-671-7464;Evelyn@varius.net;812
Tanisha Rivera;742-094-6836;Akeem@mus.edu;813
Castor Turner;433-216-4816;Hasad@sapien.edu;814
Lacy Horn;778-687-1728;Davis@sollicitudin.net;815
Freya Albert;745-302-8840;Donna@Cras.edu;816
Guy Fisher;488-588-9998;Thane@erat.com;817
Winifred Adkins;129-844-2657;Guy@eleifend.com;818
Velma Haney;894-409-8276;Stacy@gravida.org;819
Uriel Horton;150-142-7209;Justin@lobortis.org;820
Logan Mercado;979-236-1455;Wynter@justo.edu;821
Eric Mccullough;360-777-3934;Fritz@netus.net;822
Dahlia Mathis;052-284-0090;Russell@feugiat.gov;823
Raphael Andrews;386-288-9522;Kelly@pellentesque.org;824
Xenos Willis;045-870-1094;Leilani@lectus.net;825
Michelle Harris;194-431-5033;Gil@sagittis.gov;826
Mark Chapman;458-981-4417;Guy@eros.org;827
Baxter Carrillo;480-574-6899;Denise@egestas.us;828
Isaac Mcfarland;617-323-2587;Nicholas@sodales.org;829
Cadman Rich;032-903-1415;Dexter@In.us;830
Ursa Witt;698-021-1243;Zelenia@quam.com;831
Orlando Hall;750-568-6271;Patrick@purus.com;832
Hedley Trujillo;000-858-2718;Pearl@aliquam.net;833
Zena Dominguez;559-577-6137;Xanthus@pharetra.org;834
Raya Harrell;430-269-0938;Clarke@rutrum.net;835
Victor Cooper;017-703-5589;Rachel@risus.us;836
Bianca Irwin;488-245-3746;Morgan@nonummy.net;837
Samuel Cantu;467-269-5715;Thane@scelerisque.edu;838
Jamalia Salas;669-282-4203;Risa@dignissim.com;839
Steven Briggs;108-492-5444;Dolan@fames.gov;840
Lillith Knight;821-545-7958;Stacey@Donec.net;841
Kennan Crawford;839-583-0081;Natalie@lacinia.edu;842
Cooper Wise;003-975-6296;Dante@lacinia.net;843
Barry Moreno;716-420-6111;Clarke@imperdiet.net;844
Astra Arnold;482-245-6458;Stewart@Lorem.org;845
Charde Dillard;581-736-0235;Colette@cubilia.org;846
Winifred French;997-914-4727;Garrison@feugiat.gov;847
Amethyst Stein;722-837-2166;Hector@magna.com;848
Brooke Carney;108-611-9772;Kay@Cum.net;849
Molly Miranda;974-134-7398;Kitra@Quisque.gov;850
Gay Lowery;431-139-6588;Wesley@quis.net;851
Maxwell Mcintyre;566-461-4196;Rinah@iaculis.net;852
Ciaran Simmons;580-447-5762;Kristen@nostra.com;853
Carson Jenkins;811-192-9550;Shea@in.net;854
Wynter Norman;172-600-6399;Melissa@ipsum.edu;855
Hayfa Strickland;184-565-5056;Palmer@Fusce.net;856
Xanthus Blankenship;154-325-0262;Alana@lacinia.us;857
Heidi Alford;412-401-2113;Lucas@quam.org;858
Idola Miranda;308-252-4643;Molly@posuere.org;859
Hu Barnes;113-392-5759;Nyssa@varius.us;860
Fleur Bowen;452-346-8199;Calvin@ad.edu;861
Kalia Walker;727-405-5361;Brenna@lacinia.edu;862
Regan Haley;575-318-9747;Jessica@Praesent.edu;863
Dalton Harper;239-461-5255;Harriet@commodo.us;864
Clarke Pollard;303-291-4337;Gail@gravida.us;865
Chantale Luna;032-346-7019;Gisela@justo.us;866
Reed Petersen;822-754-7060;Lara@aliquet.com;867
Xaviera Ewing;355-409-5169;Lyle@Fusce.us;868
Ali Nicholson;108-835-3209;Eric@placerat.net;869
Bianca Webster;289-284-8856;Scott@dignissim.gov;870
Chester Meyers;843-195-9757;Chava@Suspendisse.com;871
Mohammad Wilkerson;645-604-4610;Leslie@eros.net;872
Clare Bauer;419-618-0416;Bert@fermentum.gov;873
Kieran Witt;416-935-8387;Ebony@amet.org;874
Halee Kinney;007-421-8486;Ariana@Aliquam.com;875
Yeo Bonner;157-055-5743;Nicholas@aptent.com;876
Kasper Ellis;333-585-2896;Odysseus@sem.net;877
August Suarez;612-014-2343;Lee@tempus.org;878
Guinevere Hicks;620-651-3185;Callie@vulputate.us;879
Alexis Santos;252-823-4993;Marah@aptent.com;880
Vanna Daugherty;644-469-2588;Guy@hymenaeos.net;881
Solomon Tate;187-777-1588;Cassady@elit.us;882
Dolan Stein;997-044-5446;Brian@lobortis.us;883
Alea Holcomb;874-315-1097;Kareem@congue.com;884
Lars Norris;870-150-8523;Harding@eleifend.us;885
Ian Dodson;206-843-5949;Cherokee@libero.us;886
Aaron Stuart;574-214-7530;Ria@nascetur.edu;887
Hayden Lowery;616-793-9137;Eaton@taciti.us;888
Maisie Bennett;909-505-4101;Yen@penatibus.org;889
Echo Webster;703-655-2000;Patricia@erat.net;890
Zachery Chavez;018-513-9815;Xander@eget.org;891
Byron Hoffman;868-714-2530;Brooke@tristique.edu;892
August Fry;319-645-8967;Edan@ut.org;893
Amery Myers;559-677-6062;Oliver@dolor.us;894
Gary Richardson;029-428-5791;Imani@quam.com;895
Zahir Meyer;388-013-5488;Marny@fames.us;896
Thomas Waller;908-101-8795;Richard@per.net;897
Indira Franklin;837-500-8128;Libby@Aenean.edu;898
Althea Pearson;319-238-4435;Dolan@bibendum.gov;899
Fallon Merritt;866-235-6178;Emmanuel@neque.org;900
Nathaniel Barrett;803-603-1880;Darius@lacus.net;901
Colton Blackwell;983-872-9380;Meghan@sit.com;902
Rhea Boyd;068-167-9438;Slade@sodales.org;903
Suki Booth;527-918-5411;Len@lobortis.org;904
Tarik Kirk;002-478-8285;Owen@fringilla.net;905
Shafira Gallegos;172-796-7618;Kevyn@pretium.gov;906
Elliott Griffin;746-886-0636;Dean@sem.gov;907
Bradley West;516-251-2537;Cullen@elit.net;908
Melinda Terrell;513-270-4882;Vincent@leo.gov;909
Amela Woodward;556-711-4959;Samson@commodo.com;910
Hanae Walker;959-060-9826;Odysseus@tristique.net;911
Anthony Buckner;059-819-0558;Jemima@lobortis.com;912
Richard Melton;267-461-0416;Dean@libero.net;913
Blake Walton;630-365-3980;Debra@aliquam.net;914
Willa Cameron;125-071-4064;Kyla@ultricies.com;915
Nigel Butler;418-266-8061;Silas@consequat.edu;916
Penelope Colon;379-353-2272;Holmes@porttitor.us;917
Carolyn Decker;199-806-2375;Halee@taciti.edu;918
Keane Norris;607-602-9314;Ayanna@at.edu;919
Kylan Mitchell;975-730-8000;Victoria@vulputate.org;920
Lillith Camacho;816-909-9989;Jack@Cras.gov;921
Xanthus Holloway;870-993-3261;Brenna@amet.net;922
Hayley Beard;407-425-8644;Erich@mollis.net;923
Willow Wolfe;277-796-3524;Shafira@hymenaeos.us;924
Wyoming Guy;914-428-0803;Rinah@Pellentesque.gov;925
Kristen Russell;791-221-1310;Hyacinth@mollis.gov;926
Winifred Walters;676-534-7423;Adrienne@vulputate.us;927
Shelly Carver;865-156-4501;Blaze@nisl.net;928
Kevin Mcdaniel;410-173-9486;Alan@pharetra.gov;929
Madaline Morales;209-689-5894;Gay@laoreet.us;930
Ginger Kramer;492-963-8017;Ronan@vel.org;931
Dawn Knox;332-710-2797;Wayne@cursus.net;932
Camilla Terry;868-867-7007;Arsenio@convallis.net;933
Jolie Mcintyre;361-255-8421;Ulric@senectus.gov;934
Miriam Head;378-410-9723;Ainsley@sapien.net;935
Knox Rich;327-251-2280;Rowan@lectus.gov;936
Sopoline Hernandez;955-041-4161;Yoshio@Duis.us;937
Wallace Barry;365-056-3259;Emmanuel@per.net;938
Ishmael Wilcox;848-063-9940;Fatima@dictum.gov;939
Cara Hernandez;439-164-6462;Peter@Vivamus.com;940
Veronica Weber;600-742-5654;Branden@luctus.gov;941
Paula Hendrix;195-626-7094;Hakeem@Nulla.net;942
Helen Pate;461-178-2655;Vera@habitant.edu;943
Cruz Farley;276-425-5750;Jonah@elit.us;944
Hashim Snow;222-200-3955;Shelby@Praesent.net;945
Emerald Church;367-353-7478;Kelsie@tempus.us;946
Thaddeus Harrington;825-192-9564;Shaeleigh@iaculis.net;947
Ifeoma Vazquez;266-857-0470;Craig@non.gov;948
Sade Vincent;101-884-9842;Michael@sem.gov;949
Keelie Moody;571-448-2470;Noel@augue.us;950
Galvin Bray;554-184-6935;Coby@dictum.edu;951
Cairo Cooper;489-463-8031;Kylie@Class.us;952
Alexa Witt;758-420-8288;Leandra@interdum.net;953
Ignatius Rowe;770-097-7770;Autumn@fringilla.net;954
Rahim Vinson;203-544-8590;Wyatt@mollis.edu;955
Regina Walter;838-820-8434;Blaze@lectus.net;956
Ayanna Sheppard;419-518-4169;Gabriel@sagittis.us;957
Xandra Hebert;873-094-1905;Axel@id.net;958
Hunter Medina;845-780-9163;Maxwell@Lorem.com;959
Duncan Curtis;672-465-5361;Geoffrey@adipiscing.gov;960
Robert Gallagher;548-233-4268;Carson@accumsan.net;961
Rajah Quinn;209-325-0642;Hamish@molestie.net;962
Kennedy Briggs;631-900-6643;Melvin@neque.net;963
Patience Shields;200-261-0315;Abel@facilisi.edu;964
Joelle Marshall;851-900-7310;Marah@vulputate.net;965
Tamara Torres;933-774-8809;Lisandra@mus.us;966
Jemima Madden;956-912-7735;Austin@gravida.org;967
Harrison Farrell;042-567-4233;Amber@ipsum.org;968
Stacey Gomez;139-133-1974;Gary@vehicula.us;969
Cedric Mitchell;359-668-9935;Hammett@Lorem.edu;970
Hilary Hester;071-386-5039;Priscilla@netus.org;971
Chanda Carver;629-245-2239;Josiah@enim.net;972
Dieter Santos;367-035-9848;Kirsten@Etiam.org;973
Brenden Strong;209-883-0880;Kirsten@mollis.net;974
Jameson Gilliam;105-149-7535;Regan@senectus.edu;975
Brenna Richardson;120-546-3621;Andrew@dui.com;976
Daniel Bond;852-408-9827;Leo@mus.net;977
Paloma Wood;152-275-4407;Garrett@habitant.gov;978
Darius Cross;316-698-9053;Chastity@libero.org;979
Shad Reynolds;022-004-7154;Rhoda@ridiculus.net;980
Sierra Leach;282-888-6630;Nolan@suscipit.gov;981
Alexander Sherman;172-591-5739;Melvin@nisl.edu;982
Leslie Rogers;623-799-3297;Fredericka@Aenean.org;983
Reece Trevino;720-539-8599;Vera@montes.gov;984
Regina Dunlap;430-372-8604;Chanda@id.org;985
Brooke Rodgers;971-201-8816;Quamar@porta.net;986
Josephine Mendoza;338-610-3071;Howard@facilisis.net;987
Ali Miller;673-242-4673;Pamela@ad.com;988
Pandora Olsen;421-076-7265;Burton@Aenean.org;989
Flavia Watkins;954-614-9474;Reece@dignissim.us;990
Bernard Estes;937-218-6285;Dennis@Class.gov;991
Sybill Rose;087-615-4101;Alexa@feugiat.edu;992
Nerea Graham;703-597-6285;Dustin@tempus.org;993
Harding Berger;673-815-7391;Dominic@adipiscing.org;994
Naida Mcfadden;212-556-6908;Malcolm@est.com;995
Christopher Simpson;617-493-9592;Paloma@mattis.us;996
Octavia Jefferson;317-377-8956;Marah@inceptos.gov;997
Genevieve Olsen;742-097-6660;Bryar@semper.com;998
Cora Oneal;107-497-4109;Blaze@scelerisque.us;999
