name;price;entityId
fames ante;845,70;0
ultricies molestie at senectus;3230,26;1
Vestibulum venenatis;231,59;2
malesuada Nunc;3017,01;3
ut;1540,32;4
in commodo tincidunt elementum feugiat;2136,60;5
Duis eleifend torquent enim;1253,52;6
magna Nulla litora lacus penatibus;1007,10;7
orci libero;8147,23;8
adipiscing est;4327,88;9
In aptent;3790,86;10
facilisi;4198,83;11
eu bibendum nascetur faucibus natoque;667,91;12
iaculis tristique vitae rhoncus Duis;9239,50;13
justo sapien Mauris a;9749,42;14
justo adipiscing;230,14;15
primis consequat consequat;8108,12;16
elementum Nullam Ut risus Integer;8918,54;17
vulputate inceptos tristique;6552,71;18
mus;6849,72;19
Cras Proin adipiscing;9022,02;20
varius;5532,44;21
consequat;6433,91;22
blandit facilisi nulla ad;5162,78;23
vulputate erat inceptos id;4164,71;24
tristique hendrerit;8413,76;25
Maecenas hymenaeos cubilia posuere;4386,66;26
mauris montes tristique;3586,43;27
penatibus nostra ut congue ad;9088,92;28
fermentum purus;2866,40;29
Lorem lectus sem sapien ridiculus;698,48;30
luctus dui pretium lectus netus;8721,49;31
leo posuere venenatis malesuada Cum;3983,36;32
id tellus elit sociosqu;9021,78;33
ultrices lacinia nisl penatibus;9683,62;34
nulla iaculis est Etiam elementum;3297,69;35
lacinia porttitor per;7107,45;36
taciti;4740,58;37
ridiculus vel eros commodo;7911,33;38
nunc ornare dui lacinia;1794,70;39
hendrerit condimentum;6241,54;40
purus a turpis mi;2790,02;41
ultricies Vestibulum faucibus malesuada cubilia;950,07;42
imperdiet;7172,04;43
commodo ipsum metus;6914,97;44
neque vulputate laoreet;1915,22;45
ante feugiat;8662,80;46
tempor eu leo vulputate;4208,56;47
sollicitudin nunc sem per dolor;5065,10;48
purus felis fames nonummy aptent;7606,05;49
mus;5777,33;50
ante vulputate bibendum scelerisque;6841,68;51
vestibulum arcu felis;2759,88;52
conubia posuere id sodales;963,49;53
dui;8655,09;54
rhoncus;3590,41;55
eros;8945,73;56
suscipit eros Curabitur Nam Morbi;2113,61;57
risus conubia semper laoreet;5018,68;58
pede condimentum pellentesque laoreet;7156,00;59
vehicula Ut fermentum iaculis tincidunt;2219,85;60
consequat;4104,44;61
luctus congue adipiscing cursus sociis;2353,70;62
feugiat et;8837,74;63
velit;617,51;64
Quisque;8025,52;65
eros lorem pretium;8456,00;66
Proin blandit Curae Ut facilisis;9508,68;67
Aliquam arcu tempus Lorem fermentum;222,02;68
rhoncus semper dis;5199,39;69
hendrerit facilisis diam habitant;3569,56;70
sapien congue mattis sodales mattis;3481,70;71
velit Praesent;4830,61;72
ac pulvinar Integer quam;6334,17;73
diam urna;2461,90;74
condimentum;9515,12;75
mollis convallis;5684,09;76
nunc Vestibulum a diam;7247,70;77
nisl vehicula;6752,84;78
eu;9871,67;79
fames porta vulputate;3718,80;80
odio ad Lorem;5207,19;81
posuere;3140,19;82
ut est ultricies lectus Donec;1640,15;83
pretium;8482,06;84
Cras;9340,17;85
netus pharetra Phasellus blandit;7585,99;86
urna;5843,39;87
aliquam facilisi;5138,26;88
Maecenas faucibus non risus;3212,69;89
parturient tincidunt;95,01;90
quam Cras et rhoncus Vivamus;4004,71;91
augue cursus hymenaeos Lorem;6291,72;92
magna;3349,02;93
Nullam hymenaeos sed consequat;9527,86;94
Duis vehicula nunc aptent porttitor;737,60;95
nisl;8908,54;96
dui;9119,27;97
hendrerit dis Morbi varius;1098,52;98
bibendum;9318,08;99
nisl montes lacinia a;2393,05;100
at hendrerit primis;9412,42;101
id Fusce dapibus sapien;8049,72;102
mollis bibendum;9752,80;103
ultricies;1875,52;104
eu ridiculus elementum Donec;6850,01;105
scelerisque luctus cubilia penatibus felis;5927,74;106
feugiat Proin;8524,47;107
nulla lorem dolor;6889,05;108
turpis;5924,46;109
conubia porta amet;3292,93;110
primis accumsan imperdiet;8031,48;111
primis vehicula;5187,78;112
odio elementum velit;299,60;113
consectetuer sed vehicula;7247,98;114
sociosqu lacinia;9405,11;115
pellentesque;3012,65;116
nunc Etiam Pellentesque Lorem;6453,76;117
sed Phasellus;575,80;118
ut tellus;8097,91;119
pretium;1133,24;120
porta adipiscing felis;8075,59;121
purus;5771,75;122
eu;7468,30;123
ullamcorper felis habitant inceptos;7922,24;124
Pellentesque Cum leo est;7678,77;125
pharetra in Suspendisse fames;3673,01;126
natoque arcu conubia cursus;695,58;127
massa Aliquam purus commodo quam;5894,11;128
libero purus taciti;9143,08;129
Ut pellentesque In vulputate;7524,39;130
dis nec mus Mauris velit;4134,36;131
lacus vitae morbi venenatis;1816,40;132
Ut ultrices convallis;3027,53;133
consectetuer odio ligula elementum;7756,01;134
Vestibulum enim;7886,39;135
senectus adipiscing Lorem eros;3020,28;136
eu lectus ante facilisi;9414,19;137
Proin;3370,18;138
Nunc parturient leo;9164,81;139
a orci;6740,79;140
Nunc commodo viverra non Cras;4584,83;141
dapibus habitant aliquam;5252,98;142
elementum Phasellus arcu;152,24;143
Vestibulum;9912,69;144
enim laoreet;7064,69;145
ut;8331,67;146
ante eget;148,26;147
vitae;6345,18;148
justo habitant;2993,29;149
odio porttitor;7586,39;150
enim adipiscing Class;2575,47;151
mauris quam tempor sapien volutpat;9589,16;152
dapibus torquent ridiculus rhoncus;4507,03;153
gravida interdum hymenaeos;9245,77;154
suscipit interdum rhoncus;7463,34;155
mollis fermentum orci;7864,63;156
dis malesuada;6812,80;157
gravida torquent pellentesque bibendum quam;9946,17;158
iaculis Duis dictum ligula accumsan;9204,10;159
purus Vestibulum;576,26;160
lobortis;1207,84;161
magnis felis;5269,72;162
vitae a Morbi;6901,75;163
rutrum tempus Curae laoreet;8534,19;164
fermentum ullamcorper;3666,26;165
Integer Nulla fringilla Suspendisse;330,86;166
egestas sagittis sodales ridiculus adipiscing;521,28;167
fringilla Etiam sagittis;6269,61;168
tincidunt metus mauris;2125,28;169
consequat malesuada congue iaculis;2795,96;170
Donec urna posuere iaculis velit;905,83;171
placerat fames neque;6246,95;172
eget;639,35;173
vulputate;5955,69;174
consectetuer;8321,21;175
in montes;7987,29;176
tristique adipiscing suscipit nascetur Phasellus;3106,01;177
eget sed neque;7547,38;178
morbi;7880,19;179
Maecenas facilisi;7684,86;180
libero Donec Suspendisse ante;5580,51;181
consectetuer tempus;2997,61;182
vulputate hymenaeos sed;591,37;183
nostra;9409,39;184
accumsan lorem Mauris;7792,94;185
Maecenas laoreet mus aptent magna;2770,82;186
Class venenatis;3125,16;187
Nunc imperdiet ut montes euismod;8908,48;188
porttitor posuere eleifend pede;7274,78;189
nostra ante Class Nullam;3046,11;190
metus;7308,98;191
et Ut mattis;1445,14;192
pretium urna;4204,20;193
congue nostra placerat ac Cras;8796,64;194
Curae;5310,71;195
sollicitudin hymenaeos mollis viverra;6506,24;196
non hymenaeos;5327,62;197
nisl torquent interdum;1257,21;198
per;4783,35;199
