tracingNumber;shipmentDetails;entityId
0634634288;diam nibh Proin libero laoreet Cum scelerisque penatibus semper odio diam Sed euismod egestas quis arcu lorem sed aliquam lobortis blandit sem tempus dolor non convallis porttitor ullamcorper Aliquam arcu cubilia et viverra pede convallis urna fringilla arcu suscipit tempus ante urna Pellentesque nonummy dignissim sit sollicitudin eros euismod at nec hymenaeos ullamcorper nec id dictum amet eu libero Lorem eget blandit magna arcu posuere massa consequat purus vestibulum Vivamus pharetra neque parturient lacinia tincidunt nisl orci dis Class neque sed aliquam auctor nonummy sapien;0
3303358209;Ut dolor vel Quisque elit tortor Pellentesque primis dui pede inceptos eros;1
4086659339;facilisis fames In felis Sed Donec rhoncus vitae feugiat Cras suscipit mus metus vestibulum at elit varius gravida mollis felis sapien non parturient egestas convallis urna convallis netus massa at ad sapien ut porta velit Vestibulum vestibulum interdum consectetuer bibendum aliquam nibh malesuada ante fringilla;2
3077778049;Nullam fermentum Nam egestas convallis arcu parturient fames dolor;3
0643744151;sed cubilia tellus ad mus pede venenatis Suspendisse at Praesent dictum sapien litora litora eget vel blandit;4
6912819690;auctor ultricies amet viverra egestas Cum ac tempor pulvinar Morbi laoreet euismod posuere primis blandit mus diam luctus magna iaculis Quisque blandit posuere nisl conubia Curabitur In sociosqu egestas fringilla iaculis ridiculus vel dui tincidunt lectus natoque rutrum cubilia sollicitudin cursus Lorem placerat in aliquam Proin penatibus ante luctus diam eleifend blandit Aenean Aenean;5
5581492447;dis mus quis sed porta metus cubilia justo ullamcorper felis amet laoreet dictum fermentum Etiam sodales non ac pede volutpat in hendrerit nonummy non mi Nunc fames euismod nibh dignissim dui senectus leo cubilia vestibulum taciti facilisi Fusce ornare massa;6
1907311125;diam odio neque quam;7
6271320813;luctus aptent Morbi ac parturient ornare mattis Proin Mauris Lorem pellentesque sem ut Cum placerat Aenean torquent sodales ligula rutrum Class sagittis pretium quam Nam vehicula eleifend lectus tempor lorem aliquet ultrices blandit tempus magna Curabitur mi mus enim placerat Lorem Ut Suspendisse In augue ad Praesent porttitor ut Proin dui nec Vivamus vel vulputate condimentum vulputate blandit Cras pretium lectus convallis litora nascetur lorem sem ad convallis;8
0422328451;risus pulvinar bibendum ligula sodales blandit porta penatibus malesuada fermentum tortor Curae tristique netus tempor nisl fringilla fermentum pede Suspendisse mus Vivamus natoque est habitant Vivamus sollicitudin odio turpis consectetuer vitae rhoncus nibh ullamcorper aliquet tortor enim feugiat accumsan morbi Curabitur Nam montes id augue condimentum venenatis fames facilisis fermentum scelerisque Quisque ridiculus tellus Nullam sem enim vel felis turpis Maecenas penatibus Aliquam magnis nunc ultricies quis eros sapien tempus Phasellus faucibus euismod mi Lorem mattis nonummy pellentesque consectetuer semper nisi id facilisi eleifend semper sit turpis ipsum laoreet Ut eros;9
0171461666;vulputate dis sodales ultricies vitae et varius consequat justo nisi hymenaeos at senectus varius Nunc adipiscing elementum aliquet nibh pulvinar Curabitur sociosqu bibendum natoque leo commodo Mauris risus pretium Nam dignissim laoreet magna elementum senectus vestibulum ridiculus magna lobortis habitant nisi venenatis tristique sit porttitor Vivamus feugiat interdum magna ridiculus feugiat placerat amet ullamcorper nec Cum penatibus faucibus metus convallis;10
5349260082;fames metus senectus scelerisque Aenean vulputate consequat mus Class montes commodo Quisque natoque aliquam ligula et egestas suscipit morbi In non urna consequat lorem accumsan molestie imperdiet vitae ultrices aptent convallis Aenean nec mollis;11
8003113647;fringilla Quisque tristique porttitor ante mattis faucibus mattis sollicitudin Integer aptent tellus gravida Aliquam erat Cras penatibus consectetuer nulla nisl netus et primis vehicula urna litora ornare vulputate commodo eget Duis nibh Suspendisse diam sit egestas;12
3170453624;pede purus litora posuere fringilla molestie facilisi iaculis dis quam tempus gravida lorem vehicula nibh porttitor suscipit ut dictum facilisi nonummy rhoncus Etiam tristique nisl vehicula Etiam posuere orci Maecenas venenatis eros luctus torquent aliquam lacinia vel ipsum eu ante Curae odio inceptos mus lorem convallis hymenaeos vehicula morbi ridiculus habitant risus a Lorem elementum sem Cras;13
8537315368;Aenean ad libero nonummy Curabitur dictum taciti facilisi Morbi Duis rutrum consectetuer eu non Vestibulum lectus luctus lobortis urna neque pharetra pharetra Sed Pellentesque Maecenas aliquet morbi imperdiet eros tempor erat non purus quis lobortis sagittis tellus ante aliquam commodo torquent massa rutrum metus sociis lorem ligula lorem ultricies tempus amet inceptos pretium in eleifend non orci at ornare facilisis neque a senectus leo volutpat ut dapibus amet Curabitur eros dignissim mattis lobortis Fusce;14
6893465177;aliquam erat magna eget id sem velit porttitor adipiscing facilisi vel magna laoreet Mauris congue massa Cum interdum netus natoque sociis inceptos dictum pretium lacus varius Aenean purus parturient malesuada lorem risus volutpat natoque Proin tellus lorem Vivamus Integer senectus dictum nulla tempor Fusce vehicula;15
6217877159;facilisi imperdiet at auctor pulvinar metus sociis mus sollicitudin semper volutpat sociosqu justo fames sodales Duis suscipit massa ridiculus nonummy enim taciti cubilia molestie facilisis sed penatibus;16
3689351224;turpis sapien molestie Integer imperdiet laoreet magna dolor tempus mus accumsan sociis vehicula tellus porttitor in non massa Aenean et Curae Nulla nunc hendrerit dapibus magnis Cras diam Curae iaculis fames turpis magna taciti cursus eget tellus aptent odio porta urna volutpat nibh pulvinar facilisis aptent ante ante cubilia Cum dapibus torquent lacinia arcu vehicula ultrices rutrum porttitor sodales lacinia tortor dignissim arcu sodales lacinia Suspendisse lorem nulla egestas eget enim risus egestas libero eu Nam rutrum euismod sed fermentum;17
4263681959;sociosqu sed et dapibus ac Aenean lacus erat vehicula Suspendisse ultrices semper euismod ultrices erat lacinia ad magna facilisi malesuada sollicitudin ultrices non in sociis montes malesuada Vestibulum lorem inceptos mattis litora Nulla inceptos fermentum cursus habitant sagittis taciti torquent ac Integer ullamcorper volutpat urna cubilia sit tortor vitae fermentum;18
1738812054;nonummy ac tempor Aliquam faucibus vitae Proin hendrerit dolor rhoncus molestie blandit tempus hendrerit magnis cubilia egestas semper mollis dolor erat Cras elementum eros sollicitudin elementum Class Duis elementum euismod lobortis netus sit Nam augue dis Class malesuada massa sodales Nunc inceptos in lorem pretium feugiat quis orci nostra taciti sagittis mollis lacinia mauris magna Mauris Nulla sociosqu sociosqu malesuada mattis ante;19
6509742173;rutrum id Duis nostra congue nisi natoque dui egestas vulputate ultrices lacinia dignissim faucibus Nunc Fusce malesuada interdum morbi Fusce neque quis fermentum nonummy tortor senectus eget risus mollis In nulla Nulla;20
7691538464;sollicitudin fringilla vitae torquent natoque massa non Curae urna fames suscipit aptent magna in natoque Suspendisse erat dictum nonummy lobortis eleifend Morbi sociis cursus auctor montes magna fermentum magnis sapien auctor enim metus convallis sollicitudin Aliquam Cras Curabitur Class Class Integer orci justo interdum laoreet parturient viverra eros placerat et libero mi;21
6601199149;Duis parturient magnis ultrices gravida Curabitur tristique;22
3639400964;semper est imperdiet Class Cras placerat elit nisl Duis sociosqu molestie Class sollicitudin Nunc pellentesque natoque senectus ultrices ultricies id Ut tortor hymenaeos lobortis massa sociosqu odio leo Etiam euismod Pellentesque aliquet Mauris pulvinar tempus primis erat condimentum ullamcorper Morbi velit;23
9788758999;sagittis ad montes arcu orci viverra libero litora Mauris Nullam inceptos ornare sociis Class taciti est ligula adipiscing Nullam conubia Phasellus aliquet mattis dui Cras lorem aptent Morbi nostra convallis Praesent feugiat molestie malesuada conubia Quisque leo senectus laoreet turpis Nunc hymenaeos pede Duis Morbi Aenean mattis pellentesque In ornare cubilia est Morbi sagittis accumsan sem feugiat Proin dolor Morbi nascetur pharetra lacinia condimentum aptent fermentum Mauris non augue augue rutrum lacus per parturient ornare ullamcorper arcu montes blandit cursus convallis tempus quis pretium eros Aenean primis odio;24
8613060518;consequat natoque ipsum id interdum Donec tortor urna inceptos morbi posuere auctor conubia sit fames faucibus facilisis sagittis commodo amet ullamcorper tempor Fusce lacus sed elementum sapien nisi velit purus felis id morbi lobortis Curae porttitor fames tellus accumsan pulvinar massa pellentesque libero mi tincidunt Quisque tortor primis Nulla nascetur eleifend Aliquam ullamcorper malesuada sagittis nostra eget lacus libero Morbi vel mollis Pellentesque nec Integer consequat ridiculus mauris rhoncus Aenean tincidunt mi amet pellentesque hymenaeos Maecenas accumsan dictum lacinia eu non ac adipiscing adipiscing Aenean libero euismod imperdiet pretium consectetuer sodales Nunc pulvinar primis sapien pellentesque quam Phasellus Vivamus;25
9511400478;vel ut nostra nascetur vulputate lobortis inceptos Donec feugiat Suspendisse ut accumsan eleifend morbi pharetra velit et bibendum facilisis Donec varius gravida enim erat tincidunt sociis primis;26
1569243039;vitae et porttitor cursus turpis parturient lorem ac pede nec Curae semper diam elementum tortor Maecenas gravida ut gravida Sed non per libero lacinia rhoncus urna montes sociosqu mollis magnis Vivamus condimentum diam varius et Class eu urna mattis sociosqu sodales vitae amet dapibus Nunc habitant nisl tortor malesuada vel;27
1202917619;condimentum Class tempor vestibulum montes tortor mus eu Duis hymenaeos dis viverra ligula velit bibendum mus sollicitudin Cras;28
3171502493;elementum venenatis tempor Morbi justo pulvinar Phasellus ad;29
9602687157;rhoncus risus nascetur tristique mus gravida lacinia cubilia eleifend inceptos fermentum rhoncus venenatis non consequat inceptos Ut dui varius egestas Morbi sagittis justo et convallis fringilla feugiat Nam turpis Sed posuere Fusce Curae blandit gravida diam ac sociosqu nulla litora Ut senectus suscipit orci lectus Praesent aliquam tristique libero mauris convallis luctus primis Phasellus taciti eleifend sem Mauris eleifend mattis cubilia Vestibulum;30
2194803512;sed ligula auctor nec sagittis risus Fusce enim nostra Etiam laoreet quis laoreet vitae at ad molestie netus ridiculus risus lobortis;31
2995961293;consequat malesuada posuere odio Quisque magna dictum ultricies aliquet posuere Nam conubia purus sollicitudin Praesent varius sociis porta Class et sem montes sollicitudin placerat egestas Phasellus Aenean sed morbi ipsum viverra viverra semper quam gravida dapibus odio Sed semper risus ornare cubilia;32
1188853596;Cum commodo Lorem ipsum lobortis a ac Vivamus aliquam luctus ultricies Aliquam conubia magnis tempus ultricies vestibulum orci molestie metus Phasellus feugiat Vivamus nonummy tincidunt metus fringilla vehicula pretium hendrerit interdum Curae Donec;33
1050118952;sociis ad viverra justo sed Praesent tellus dignissim ante Nullam;34
3858670004;pulvinar nisl natoque fringilla magna vulputate penatibus leo malesuada In neque venenatis morbi laoreet dui ut sociis per eget ultrices erat sed Maecenas taciti accumsan netus gravida dictum Class porta Nulla iaculis odio viverra Curae Nam rhoncus quis lobortis auctor non fermentum nascetur volutpat orci ultricies interdum parturient morbi morbi pharetra egestas et tincidunt consectetuer feugiat nonummy;35
1273709356;fringilla nostra turpis sociis mattis Pellentesque at lorem tempor dis Lorem porttitor placerat tristique Integer mollis sagittis tempor tortor a sagittis sit pulvinar molestie lobortis primis risus dictum quis ipsum magnis ullamcorper magna cubilia cursus luctus litora Integer vitae viverra montes in vestibulum quam viverra ultrices viverra In posuere Cras fermentum magna ornare tempus sed Vestibulum id a scelerisque quam Curabitur tortor habitant mollis;36
7528611186;volutpat Nullam elit tortor id Nulla rutrum sociis nulla sollicitudin bibendum consequat Morbi semper turpis nec Nulla ultrices lorem Lorem est rhoncus mollis Duis elementum ut lacinia cursus neque erat lorem Ut Nullam id Class dolor sed pharetra Maecenas pellentesque Ut metus adipiscing Ut varius bibendum ad lobortis hendrerit semper Cum sollicitudin Class imperdiet Morbi est metus conubia Pellentesque blandit lacinia nunc litora pretium cursus conubia;37
8550411207;habitant et natoque orci ante Mauris eget sed volutpat fringilla adipiscing non placerat Lorem varius viverra mattis posuere velit Etiam ornare eleifend porttitor netus Quisque felis Maecenas augue rhoncus ligula sociosqu natoque volutpat venenatis dui ligula lacinia Maecenas dictum nisl orci consectetuer ut suscipit eget laoreet Nulla Mauris inceptos id litora ante nascetur diam Nulla dapibus Aenean imperdiet vehicula;38
9580527842;non hymenaeos Praesent amet Aliquam nisi velit venenatis ut consequat Lorem ac Curabitur molestie cursus sed sociosqu cubilia pharetra feugiat aptent nonummy litora ut convallis turpis felis venenatis ligula laoreet tincidunt consectetuer mollis amet ac consectetuer consequat ridiculus commodo id dignissim Praesent facilisi eget turpis velit egestas tincidunt nunc elit ligula interdum eros lacus ornare nisl quis diam parturient commodo;39
8674551012;turpis leo Nunc eleifend sem vel neque pede blandit luctus iaculis scelerisque condimentum commodo Cras condimentum nunc sapien aliquet habitant porta mollis sociosqu tortor ridiculus sociis faucibus penatibus Fusce nunc erat elementum urna laoreet senectus est viverra nunc Sed sociis volutpat posuere turpis Lorem primis metus ultricies felis rhoncus sem nulla Cras hymenaeos facilisi mollis ac Curabitur ultrices dis vehicula facilisi Curabitur nisi;40
0797979211;velit facilisis;41
5519596510;luctus quam euismod erat pellentesque tempus rhoncus id Integer facilisi netus magnis Fusce ante Integer non habitant enim tristique ante molestie fermentum vitae Nam habitant imperdiet urna lectus Maecenas magna accumsan cursus eros penatibus viverra justo lobortis turpis Pellentesque lacinia Integer odio dictum tempus eu conubia Lorem vehicula Cras Pellentesque lorem dapibus mauris feugiat tincidunt Suspendisse amet tortor blandit leo quis placerat metus montes Curae nascetur fermentum ultrices torquent diam parturient nisi commodo sodales senectus;42
5006694560;habitant molestie sollicitudin inceptos Lorem consectetuer Nunc felis Mauris dictum Quisque ullamcorper mollis congue Praesent turpis elementum litora nisi Etiam Fusce Quisque Class lacinia nisi placerat eget consequat porta natoque risus egestas Cum sodales Cum purus hendrerit ultrices dictum Aliquam hymenaeos adipiscing Ut iaculis ut diam nonummy nisi luctus vestibulum sociis nonummy parturient vehicula mattis Aenean habitant In quam vel enim velit Proin In nonummy vestibulum augue Vestibulum Vivamus rhoncus lorem Class accumsan tempor hendrerit Vivamus turpis aliquet mollis torquent sit sociosqu nunc netus commodo torquent nisl ante;43
0535628224;fermentum sodales morbi mollis auctor In senectus enim congue et eros conubia senectus ultrices vitae ad magnis quis tempor suscipit molestie pede senectus Cum quis Aenean ultrices cursus pulvinar malesuada pulvinar inceptos fringilla risus odio et enim eu Fusce justo;44
8686029587;varius Morbi egestas Mauris dis auctor natoque In consequat pellentesque egestas varius Aliquam consectetuer tortor justo Cras Proin ornare quam nec non Nam sociosqu libero mus odio vehicula tempus lacus blandit Class ornare ad consequat laoreet metus vel luctus sem feugiat risus Nullam laoreet dolor sodales dolor Curabitur dictum lacus facilisi senectus urna quam auctor massa elit hymenaeos morbi primis sociosqu sociosqu Lorem;45
9793108006;est habitant Curae et nascetur gravida Sed in Curabitur parturient nisl ornare mus hymenaeos torquent magnis Nulla quis Nulla dignissim odio Ut dapibus aptent iaculis a placerat iaculis Aliquam dapibus Donec Nunc tellus nisi Mauris feugiat lectus placerat tincidunt tempor Suspendisse magna dolor lobortis lobortis aliquet Fusce volutpat Vestibulum quam lectus senectus In molestie ac Nunc mauris ultricies pharetra et vitae mauris nonummy suscipit aliquet sociosqu inceptos Nunc accumsan lacinia magnis dolor natoque fermentum lacus fringilla Curabitur facilisi vestibulum augue pellentesque Donec in malesuada Quisque ipsum condimentum Morbi tempor ultricies fames ad sem porttitor mi fringilla sollicitudin Quisque magna;46
3959533645;Vivamus laoreet eros dis fermentum vestibulum Vestibulum Cum Aenean fermentum pretium Fusce commodo mollis ultrices arcu consectetuer et;47
2276517911;viverra vel vulputate Donec netus eleifend purus ridiculus Nam Class tellus ultrices sit imperdiet dapibus Etiam leo eu ipsum ante lobortis penatibus arcu quis inceptos pellentesque venenatis nascetur nonummy placerat urna Duis consequat et netus ligula ante Vestibulum vestibulum est eget at urna id Fusce euismod commodo dolor quis;48
5979483090;conubia hendrerit Aliquam pharetra eget elementum taciti tellus Ut diam litora bibendum conubia turpis fames turpis amet rhoncus Nunc rhoncus nonummy aliquam Praesent ut eget cubilia cubilia velit parturient sem gravida nulla nascetur Maecenas felis mattis vulputate Nam morbi pretium parturient sem ultrices parturient ridiculus eu vulputate Etiam;49
5722152924;ad facilisi Ut Cras fringilla congue mattis montes feugiat elit cubilia sociosqu aptent Pellentesque condimentum hendrerit tempus quis viverra litora vulputate volutpat Quisque dictum imperdiet vulputate egestas Curabitur diam facilisi amet tempor arcu lobortis Vestibulum ante est sagittis diam varius fames egestas Mauris quis aptent pellentesque Aliquam senectus blandit accumsan montes sagittis aptent condimentum eget Phasellus ullamcorper molestie Cras arcu ultricies mus augue sem sem mollis pulvinar iaculis orci rhoncus sem Nullam ante aliquet sem Vestibulum nulla sociosqu Cras id hymenaeos blandit lectus volutpat pellentesque neque elementum semper luctus vel Duis Cras senectus Curabitur;50
0329434083;ligula Curae ridiculus fermentum lorem interdum arcu aptent feugiat sapien diam nostra ac Morbi tempus Curae Quisque Curabitur aliquam torquent fames sagittis imperdiet Mauris mi vulputate mus purus libero Praesent Cras nisi neque a nascetur Curabitur aptent lorem cubilia euismod commodo interdum Class felis nonummy ad Phasellus molestie natoque Vestibulum magnis odio sapien Mauris aptent per Morbi et Vestibulum mi Aliquam suscipit Curabitur dui senectus porta est hendrerit Suspendisse semper molestie Phasellus adipiscing habitant facilisi conubia volutpat pharetra Duis faucibus elementum ligula felis ridiculus ornare;51
6332653153;magnis mattis cubilia magnis ante malesuada;52
0041707721;Cum Vivamus primis ridiculus pretium dictum ad sodales scelerisque feugiat parturient justo inceptos Maecenas nostra pretium Ut hymenaeos sit conubia Vestibulum Praesent taciti Curae erat turpis diam erat elit arcu Duis sapien odio euismod Nunc sit accumsan est faucibus Nunc eros facilisi cursus libero ac hymenaeos aliquet In urna mus aliquam;53
9620791754;tempor pulvinar felis magna dui Nullam Suspendisse diam Class parturient Vivamus;54
1806458843;convallis est arcu conubia posuere facilisi aliquet fermentum lorem auctor urna senectus Vivamus Vivamus Praesent elementum nisl ridiculus nibh nostra dictum nulla montes feugiat vehicula ultrices facilisi cursus pharetra taciti nisi facilisi pretium hendrerit Praesent interdum tellus;55
8723228062;dolor justo penatibus Suspendisse mollis augue per aptent ultrices Nunc feugiat ante conubia quis viverra nulla porta felis Aenean metus euismod rutrum euismod vitae sociis aliquet Proin sagittis erat sem eget torquent a erat tortor enim amet ligula nonummy vestibulum lorem elit risus in erat porttitor velit fringilla vitae viverra Curabitur sodales senectus amet orci primis pellentesque luctus enim risus at lobortis morbi egestas scelerisque lacus erat varius dolor ornare risus elit nonummy orci adipiscing facilisi velit eros dis adipiscing natoque lacus Cras libero cursus vulputate lacus tristique auctor leo lacinia gravida pede ultricies quis neque tempus;56
8909583733;habitant egestas ornare sed nascetur et condimentum nonummy vehicula gravida ac ornare nisi auctor Morbi Class mattis tortor sollicitudin venenatis commodo congue parturient facilisis odio lorem ultrices rutrum nibh;57
1981092944;ligula lacus quis ante elit Nullam nibh quis porta interdum adipiscing purus Phasellus diam torquent facilisi Nulla blandit placerat semper interdum tempus Cum pretium diam nunc Morbi condimentum Suspendisse In purus auctor Donec at iaculis placerat blandit nulla sed Phasellus feugiat nisi feugiat lectus sagittis ultricies ligula congue tellus nibh turpis placerat urna ultrices cubilia volutpat Pellentesque Aenean taciti viverra bibendum iaculis mi accumsan blandit at fames aliquet nulla vehicula nec Aliquam lorem Quisque venenatis nunc at Integer;58
2825025788;dapibus est pretium id adipiscing ipsum Mauris bibendum blandit tempus Mauris pede quis nisi cubilia sollicitudin odio diam adipiscing pharetra feugiat neque per enim Vestibulum pharetra magnis Sed vel urna nascetur dui ipsum pharetra mus fermentum habitant porta a egestas eget elit hymenaeos placerat morbi vitae ultricies diam pede metus vehicula;59
6749129292;pretium Sed tempus sem conubia conubia pede blandit suscipit Morbi sodales erat eu leo a ad Phasellus senectus purus vitae et dapibus sociosqu venenatis orci risus ipsum euismod gravida eros quam elit nunc primis ornare Praesent erat Curabitur ante nisi a eget hendrerit ante adipiscing primis dis libero Pellentesque Phasellus Integer pretium dis velit lacinia purus at vulputate congue mus volutpat Nunc nulla dui facilisis sollicitudin hymenaeos Integer ipsum mi commodo Nulla ornare urna felis torquent libero vel nostra dui Fusce Class litora pharetra Aenean vitae tellus accumsan sapien dictum interdum dictum arcu Fusce;60
6202144440;Vestibulum bibendum dolor interdum Quisque Nunc consectetuer nascetur per suscipit;61
0630729914;ac eget quam erat convallis posuere porttitor quam consequat ultrices pede ultrices eget sem nisl dis est mi Donec Praesent facilisis Phasellus Cras ligula tempus Class pharetra eleifend Donec risus conubia augue Proin facilisi Lorem tortor vel dictum per consequat habitant rhoncus placerat iaculis pulvinar pellentesque sed;62
4175772017;nunc ligula auctor ante tempor Aliquam Duis felis Maecenas Ut eu purus facilisi justo libero pharetra Nam eget sed sapien accumsan primis volutpat Nam aptent magnis turpis pharetra Suspendisse;63
2644394826;arcu aliquam torquent posuere nonummy commodo est enim tincidunt luctus faucibus Donec Curae erat interdum mattis Lorem Nam sagittis conubia magna condimentum nostra per bibendum ullamcorper in pharetra pede massa;64
4289494387;nostra in ornare posuere Aenean fames Vestibulum ad ac sit Vivamus vitae leo ridiculus augue sollicitudin pede Curae ad sollicitudin pulvinar rhoncus nonummy torquent ullamcorper condimentum Nunc Donec laoreet primis ad vitae scelerisque eget ac nascetur Donec nisl interdum conubia Nunc sociis bibendum convallis nostra non Proin sem tortor condimentum hendrerit primis conubia porttitor enim nunc dis Maecenas taciti augue quam Maecenas litora per pretium elit malesuada purus commodo Aenean Vestibulum dignissim nisi taciti Pellentesque interdum Integer consequat felis Nullam hendrerit natoque nibh dui ultricies mattis felis eu natoque lacinia lobortis risus molestie;65
7887217272;euismod Etiam ullamcorper nascetur sodales vitae lorem consequat pulvinar consequat congue magnis Mauris primis laoreet ipsum consectetuer velit eros malesuada ultricies morbi dapibus vulputate Quisque pede cubilia auctor augue Curabitur non lobortis primis Fusce orci elementum Pellentesque tellus lacinia tincidunt condimentum eleifend pulvinar egestas Sed In eros Phasellus Curabitur Duis vitae Curae aliquam dis placerat blandit imperdiet Cum habitant pede per turpis elit Praesent pellentesque;66
9125062347;interdum bibendum adipiscing Vivamus ante dolor tortor sapien adipiscing Suspendisse Maecenas varius euismod Pellentesque purus Lorem congue lorem varius Phasellus aliquam quis ridiculus lacus imperdiet justo taciti malesuada morbi taciti adipiscing;67
0632518066;Pellentesque convallis ut libero vehicula eleifend cubilia taciti Etiam Nam dignissim laoreet rutrum turpis elementum montes vitae volutpat venenatis conubia Suspendisse tristique ante pharetra arcu erat consectetuer litora morbi libero elit consequat auctor nulla penatibus sociis justo Aenean Pellentesque ante Curabitur turpis aptent sagittis Phasellus massa fermentum Ut facilisi luctus in volutpat interdum rutrum Cum tortor posuere nisl eleifend fames scelerisque dolor Lorem sapien turpis Lorem pharetra vehicula feugiat aptent porttitor velit torquent ad purus consequat velit dis odio primis Maecenas Sed erat Nam cubilia Curabitur commodo Nam Proin porta congue elit purus eros Curabitur commodo libero Proin lectus ultricies;68
3621826434;placerat mus aliquet torquent vestibulum Sed auctor pede neque vehicula non congue velit eleifend Fusce ultricies lorem rhoncus arcu facilisis est viverra nec Vivamus tristique Suspendisse viverra dictum consectetuer tincidunt vel Pellentesque sem mollis malesuada magnis purus habitant pulvinar nibh ipsum nibh facilisis accumsan mauris elit nisl ut a cubilia netus mauris torquent condimentum suscipit hendrerit natoque sociosqu Aenean Curae torquent purus fermentum magna Curae commodo diam eget massa Fusce convallis Vivamus vestibulum ad placerat nascetur consectetuer;69
8974773378;natoque;70
4296023950;Integer a risus a feugiat luctus euismod metus sociis luctus condimentum Curabitur porta Curabitur ipsum nisl Cum lobortis Morbi orci ultricies nunc ridiculus sapien feugiat conubia In ridiculus lacinia velit tellus velit pede vestibulum ullamcorper facilisi ac mollis venenatis mi iaculis penatibus felis in dignissim dolor lobortis ridiculus taciti mollis erat placerat commodo placerat venenatis felis Mauris lectus vel Nam nibh torquent dis amet cursus Fusce Aenean lacinia nibh semper diam lobortis dui Cum at Fusce ligula;71
7908195430;eu nec risus sollicitudin;72
4424476330;tempor ullamcorper ipsum massa sodales diam Fusce lorem sed eleifend sociosqu bibendum elementum Fusce rutrum laoreet torquent vestibulum habitant diam aliquam ut tortor;73
0516189048;elementum nisl amet eu dictum iaculis Quisque dolor Donec Pellentesque primis cursus sodales nunc morbi non a semper porta Nulla hendrerit elit aptent tortor Maecenas ac eros blandit Quisque non dis nisi nisi a ante molestie ultrices Curae nonummy Nam fames Aliquam molestie metus Aliquam Nam consectetuer dis Nulla Suspendisse magnis inceptos;74
0285765000;pharetra Fusce arcu massa tempus sociosqu massa parturient fringilla dolor Mauris gravida primis Morbi volutpat eros lobortis lobortis nostra elit magnis eros dui dignissim morbi ante faucibus felis Proin turpis urna aliquet porta molestie porta Pellentesque tellus adipiscing per Phasellus bibendum tempor Cras vestibulum adipiscing Nulla pulvinar pellentesque Sed Morbi turpis leo facilisis cursus mauris pellentesque morbi pede feugiat semper;75
8807515469;pellentesque suscipit fames hymenaeos ligula blandit Mauris felis In augue tortor dis inceptos mauris euismod enim mattis natoque montes In aliquet dictum scelerisque torquent imperdiet ante metus senectus condimentum odio venenatis primis augue malesuada cubilia Morbi Vivamus fermentum ac nonummy Donec Nulla lectus;76
1439332989;netus blandit tortor Mauris aliquet Class porta nec Proin facilisis nonummy porta id a In Mauris molestie morbi dapibus ornare consequat penatibus dapibus habitant varius a Etiam blandit massa semper inceptos Pellentesque Vestibulum torquent Phasellus ut Pellentesque porta sapien libero primis egestas volutpat facilisi libero litora metus porta Donec pede odio enim gravida ullamcorper est pede sodales accumsan commodo habitant;77
8211135670;Proin Curabitur tristique natoque eros Nunc elementum lectus justo bibendum Suspendisse vehicula Morbi mi fringilla Vestibulum condimentum in est felis mauris sociosqu felis dictum sollicitudin hendrerit rhoncus egestas sem mauris ridiculus rutrum faucibus libero a fringilla ad nisl Donec imperdiet feugiat sociosqu Pellentesque nostra euismod elementum elementum malesuada auctor viverra inceptos arcu nunc blandit orci montes bibendum a feugiat magnis feugiat volutpat arcu mauris fames Pellentesque enim Suspendisse velit laoreet turpis tempor tortor accumsan eros nostra at taciti luctus ut mi Proin Fusce convallis auctor massa id Curabitur fames gravida nonummy per felis sem;78
9218327880;mauris Lorem ante Curae Duis Integer lectus cubilia dui auctor vestibulum Aliquam facilisi aliquam risus inceptos inceptos ac mattis quis Donec lacinia per dapibus;79
6934095804;nascetur pellentesque eros dapibus consequat Donec lorem aptent lectus rutrum a tristique nunc Aliquam vel facilisis primis metus mattis lacus Proin Curae Donec nisl auctor Aliquam quam Nulla torquent sapien sagittis pellentesque senectus vitae vestibulum tellus In Nulla rutrum Lorem rutrum purus primis iaculis aliquet sociis mattis Phasellus porta penatibus ridiculus dolor dictum pede Vestibulum accumsan;80
5066567277;vel Praesent urna Curae Aliquam penatibus sit viverra Sed lacus In bibendum volutpat condimentum torquent pede eros accumsan mauris Proin sociis semper Curabitur Pellentesque consequat porta natoque commodo dis Vestibulum turpis eget varius elementum auctor mus libero id turpis ante lacus Curabitur sapien odio et dis Curabitur purus lorem molestie augue viverra tellus auctor Nam lacinia rutrum senectus felis tincidunt nonummy inceptos Curae sit Etiam lorem felis consequat lacinia Curae tellus hymenaeos habitant inceptos lectus nascetur sociis vitae vitae suscipit Duis sollicitudin felis eleifend molestie Aliquam ac commodo vestibulum est Praesent Nullam eu Cum justo condimentum inceptos interdum metus mollis;81
0320221318;ultrices Morbi sem accumsan placerat nibh tempor lacus ligula nec laoreet Integer Nam neque tempor varius nostra magna fermentum mus nonummy posuere iaculis lobortis litora mattis ac congue montes ut Nullam a at Mauris orci habitant Phasellus dapibus nibh morbi pellentesque venenatis pulvinar pharetra nisl netus urna pulvinar mus ultricies interdum parturient sed Curabitur aliquam lacus aliquam;82
1395121323;pharetra facilisi rhoncus justo Sed dictum vitae aliquam tincidunt Nulla sed sem Morbi luctus enim eros taciti consectetuer vestibulum lorem aliquam nonummy enim justo Curae sem nisl tempus sapien magnis aliquam Cras molestie sodales vestibulum;83
8488152164;placerat netus tortor sit nisi Fusce eleifend cubilia Integer diam eget magna sodales tempus hymenaeos augue quis lacus at vestibulum conubia volutpat sit mauris scelerisque vitae molestie aliquam placerat eget facilisis dignissim risus Nulla ultricies elementum Class rutrum metus consequat blandit sociis venenatis Lorem luctus eros Aenean Vivamus Donec lobortis penatibus rhoncus congue tincidunt laoreet ipsum Ut ligula est dui hymenaeos dis felis;84
1357249704;Nunc sociis Curae vulputate egestas magnis;85
6872216276;nibh ullamcorper eu ad Vivamus adipiscing lobortis convallis nascetur eleifend Praesent tempus auctor Sed rhoncus In ac sociis morbi malesuada Fusce Proin blandit a non interdum dignissim eros Fusce lorem penatibus metus nascetur augue habitant auctor quis tempus sollicitudin mus purus fermentum turpis Praesent Curae inceptos erat ultricies sociosqu purus massa ornare eget ac enim elementum Phasellus ultrices urna magnis magnis Aenean arcu lacinia ipsum euismod sapien condimentum imperdiet cubilia libero ultricies hymenaeos eget auctor porta volutpat nonummy aptent imperdiet bibendum ornare Mauris hymenaeos;86
4213810556;ultrices interdum pulvinar magna consequat Sed dapibus pharetra pellentesque feugiat facilisi mus erat orci hendrerit Suspendisse gravida viverra non;87
0606472538;facilisis non Nulla Cum sociis odio diam amet ante taciti senectus gravida ridiculus viverra et pharetra Sed a Morbi pretium rutrum hymenaeos ante ad id egestas eget pede Pellentesque lectus Proin tellus pulvinar litora mauris parturient Duis elementum natoque volutpat inceptos;88
1123153643;faucibus nisl Class Fusce quam hendrerit litora ut commodo nec est Vestibulum enim hymenaeos volutpat quis dignissim Phasellus rutrum litora dolor orci Aenean ridiculus dis suscipit pharetra neque pulvinar velit sapien felis ridiculus lacinia risus pretium imperdiet ornare erat Vestibulum sit varius feugiat penatibus Aliquam laoreet ut Vivamus facilisis nisi sociis ante turpis enim ipsum volutpat ornare parturient ut Donec habitant In pharetra ac eleifend morbi dis augue lacinia adipiscing cursus faucibus;89
8820964969;purus conubia suscipit aliquam sit neque dolor elementum primis Nunc euismod blandit turpis accumsan tristique nascetur vehicula arcu tincidunt sagittis cursus tempor conubia mauris metus lectus velit ullamcorper arcu elit Aliquam magnis Nunc Maecenas porttitor Donec In in diam ultricies morbi et netus commodo congue montes nec non ad ante suscipit iaculis Proin Morbi nec conubia Aliquam parturient;90
7993943588;bibendum mattis non Aliquam Nullam eros penatibus elementum pretium dapibus vulputate commodo lorem Mauris lacinia neque Ut Nulla parturient ut Suspendisse metus Nam natoque in;91
0567072670;risus at penatibus Curabitur Phasellus ridiculus lacus inceptos ut augue tincidunt laoreet turpis eget tincidunt molestie convallis magna Aenean amet ipsum Quisque Integer dictum pulvinar consequat enim Fusce augue aptent Mauris interdum aptent pede ultricies ultrices nascetur a Etiam Nam facilisi nisl accumsan Donec Donec dapibus dignissim velit mauris malesuada fames lorem semper lorem molestie mi aliquam Etiam Nunc rutrum lobortis sem velit nulla tristique egestas Sed mattis ac tincidunt quis sit rutrum Cum varius sit auctor primis scelerisque lorem aliquam;92
8896268715;sed senectus imperdiet rutrum Nullam mollis netus scelerisque Phasellus sit fames Etiam Fusce molestie Praesent Integer massa Nulla et conubia eleifend nostra nisl nonummy tempor mollis suscipit semper pellentesque Nam dis eget luctus orci montes pulvinar vehicula risus tempus Vivamus odio pretium eleifend commodo cubilia fermentum conubia ac justo Pellentesque quam nisl faucibus felis est Praesent urna Aenean est Etiam at lobortis neque leo commodo commodo massa sit Fusce pharetra quis consectetuer pede Proin ridiculus et interdum rutrum purus vestibulum lectus ornare lacinia tempus Quisque pretium accumsan auctor Pellentesque a purus Lorem Integer ullamcorper Nullam ultrices neque;93
5543759770;rhoncus morbi varius Pellentesque Fusce nisl porttitor neque Cum magna varius purus;94
8574990229;litora aliquet tempor Nam eget enim rutrum lectus Duis vulputate ultricies iaculis egestas consequat risus feugiat felis vestibulum justo erat primis eu tortor libero aptent nisi Nullam et pretium venenatis at congue ridiculus hendrerit nisi imperdiet posuere dictum eget montes ultricies velit tempus;95
3006697745;Lorem leo Cras convallis ornare dis mus interdum auctor Curae torquent lacus mauris a torquent luctus luctus tortor commodo imperdiet fames eget congue tristique fames nascetur ut quam euismod bibendum penatibus nisi Sed ultrices pharetra aptent facilisis dapibus auctor penatibus netus Class rutrum sapien Proin Proin at per sociosqu taciti fames amet rhoncus lobortis libero fames mollis vel tempor Mauris quis inceptos mauris Aenean felis congue Fusce Lorem urna lobortis ad senectus Class semper nibh mi quis magnis tempus felis congue luctus blandit dapibus elit eleifend diam ultricies nonummy semper rhoncus;96
6313724302;pulvinar pulvinar Ut hymenaeos turpis dignissim pellentesque parturient pretium massa Mauris Aenean metus morbi tellus Aenean iaculis tortor Etiam feugiat rhoncus odio elementum bibendum viverra velit luctus Praesent consectetuer pede aliquam tempus gravida purus Pellentesque conubia litora tincidunt turpis tempor Nulla sapien sem ipsum;97
8564643185;Nam venenatis at tortor torquent dolor pellentesque tristique elit sapien vitae at Maecenas elit nisi sit Phasellus taciti auctor senectus dictum vel id et consectetuer odio viverra vestibulum consectetuer cursus lectus sociis felis velit ante Sed ullamcorper Class sed congue auctor augue Morbi pede tristique vulputate consectetuer bibendum morbi ac Donec conubia Praesent nonummy dis dis libero venenatis nisl non aptent Cras;98
1280670551;natoque augue sed pulvinar urna ridiculus elementum penatibus est facilisis tempus hymenaeos fringilla Cum Nam pulvinar ultrices magna molestie pretium parturient per massa blandit Lorem Cras ipsum pharetra Pellentesque eros sit faucibus et Nullam sem porttitor non auctor habitant netus placerat auctor Suspendisse accumsan sollicitudin luctus justo euismod molestie Praesent Praesent neque Nam posuere Donec sollicitudin per In libero sociis Fusce laoreet vulputate varius vel elementum Curabitur facilisi lacinia varius Mauris condimentum semper volutpat;99
4437790182;ornare egestas Phasellus Class metus molestie Integer tincidunt sociosqu Donec Praesent pretium facilisi eu interdum Duis Curae sodales cubilia Class ultricies placerat mauris Integer Proin dapibus eu eu ullamcorper molestie Cum nulla;100
7717913514;ligula posuere metus tincidunt primis netus elementum at aliquet Cum purus dui tempor cubilia conubia magna diam inceptos mollis commodo rutrum lorem malesuada congue nostra Donec venenatis primis elit penatibus lacinia Lorem morbi Cum Aenean pede Suspendisse ipsum id id purus ligula varius ligula diam senectus imperdiet pellentesque morbi leo dis rhoncus Proin eleifend Aenean leo natoque litora congue taciti dictum feugiat risus egestas Suspendisse fermentum torquent tellus habitant magna fringilla justo commodo bibendum eleifend aliquam hymenaeos mattis pellentesque netus non quis pretium ipsum est odio nec cubilia adipiscing;101
9526672570;tellus inceptos nibh montes dignissim vestibulum laoreet Fusce ipsum eget natoque commodo cursus in blandit Integer nostra lobortis dictum orci elementum rhoncus Class fringilla fames Cum id Nam sociis Phasellus sed vehicula lacinia congue hendrerit purus nisl accumsan tempus Maecenas Pellentesque Curabitur aliquet Pellentesque placerat erat ultrices feugiat ullamcorper congue netus imperdiet laoreet ligula leo montes nisl Suspendisse sed lacus molestie justo elementum tristique fames massa Mauris sapien augue;102
1195577614;aliquam feugiat malesuada ad Nulla Nunc leo est vestibulum Donec malesuada justo eu tincidunt tempor sociosqu eros aliquam aliquet ultrices lectus senectus lacinia vulputate at conubia per sit ligula sodales Nullam Aenean mattis pulvinar volutpat torquent suscipit eros pharetra semper nonummy tempus Vestibulum mollis adipiscing quam interdum parturient montes tincidunt fermentum purus adipiscing eros parturient augue Aliquam a volutpat placerat sed enim gravida lobortis;103
0459740704;ullamcorper netus sed scelerisque pulvinar malesuada Mauris sem libero Ut lorem elementum dignissim nisl leo;104
5410046860;nibh litora faucibus neque ultrices eu ultricies hendrerit malesuada parturient purus;105
1348758978;lacinia malesuada rutrum condimentum vitae ridiculus Vivamus litora sagittis ac urna facilisis placerat tellus orci placerat luctus facilisi sociosqu dapibus sociosqu nisi Maecenas tincidunt congue vitae eget Mauris dignissim porta dis Vestibulum blandit lobortis felis Nam mus bibendum vehicula leo Curae parturient Vivamus montes pellentesque nec amet lectus senectus parturient Mauris sociosqu Cum ultrices mollis rhoncus ad pede faucibus sem enim molestie Vivamus faucibus pulvinar elit consectetuer lorem aliquam convallis Duis convallis ridiculus per Phasellus facilisi purus viverra purus non Curae Phasellus mauris fames ipsum In diam Nam penatibus ultrices Fusce tellus enim laoreet;106
2115270396;per vehicula Sed euismod iaculis sagittis fringilla pretium Cras Etiam elit ullamcorper vel taciti cursus montes justo Nulla vitae tempor nostra tempor Nam neque felis non vel nec litora faucibus condimentum facilisi odio nascetur bibendum sociis egestas Fusce lacinia Etiam ante congue per conubia massa Aliquam ullamcorper arcu quis tincidunt erat ut condimentum commodo In commodo habitant laoreet consectetuer fermentum vestibulum leo Quisque molestie nisi odio aptent varius faucibus viverra elit vulputate Etiam eget mi Vivamus est;107
6065132051;egestas Nulla mus at semper ultricies faucibus quis tincidunt arcu laoreet posuere augue Vivamus risus placerat suscipit feugiat pretium Suspendisse aptent justo dui fringilla Nulla aliquet amet Praesent eu placerat fringilla Curabitur facilisi sem placerat convallis in eleifend volutpat egestas Integer montes mi erat gravida ligula rutrum consectetuer magnis sit mattis bibendum ligula sociosqu Curae pretium aliquam ac sodales torquent Etiam Nunc hendrerit neque Donec Praesent metus Praesent torquent velit taciti Nullam natoque;108
1504730749;Class;109
5800057718;erat Nam Nulla condimentum accumsan arcu Class nonummy taciti hymenaeos Curae erat placerat dapibus fermentum est dis suscipit magnis tincidunt pede pellentesque tellus vehicula malesuada eget ridiculus turpis;110
1493864927;gravida sapien penatibus sociis Suspendisse nascetur enim malesuada Nullam Nulla velit penatibus erat cursus venenatis velit sagittis parturient tortor fermentum pellentesque lacinia iaculis dis sit euismod nulla morbi quam tempus Vivamus ac nisl Cras sagittis luctus tortor tempor Curabitur amet Praesent posuere Sed aliquam Curabitur cubilia volutpat magna consectetuer sociis velit felis pede pharetra dignissim In lobortis lacinia Curabitur Praesent imperdiet nec metus vulputate parturient;111
5427488622;turpis mollis felis suscipit hendrerit dolor ultrices justo Cras ridiculus nostra luctus sit tempus In quis Ut Mauris Curabitur amet sociosqu sed Cras litora Nam nisl vitae purus condimentum risus aliquet augue mus ridiculus nostra diam In amet Cras pharetra justo urna lacinia consectetuer Duis fermentum semper dis aliquam sed penatibus a et aliquam Nulla vel pretium ultrices ultrices;112
9222390201;Proin urna sollicitudin posuere Praesent luctus;113
2449996467;sollicitudin facilisis penatibus inceptos Nunc tincidunt Mauris Quisque consectetuer velit eu volutpat viverra sodales Curae consequat nec Phasellus nibh lobortis tristique at scelerisque erat Curabitur hymenaeos consequat tempus leo orci eleifend tristique at adipiscing adipiscing accumsan dui enim orci Cum parturient risus ligula vitae ipsum lectus egestas quam felis condimentum fringilla vel auctor sit sed libero luctus aliquam malesuada egestas pellentesque vestibulum sociis rutrum Quisque porttitor tempus pharetra varius pretium morbi dui;114
1733010121;velit Class vestibulum accumsan netus ut Etiam sociosqu sociis velit ornare suscipit eget dui orci Nam vestibulum Mauris quis risus fermentum vestibulum nascetur ultricies primis lacus eleifend ac Praesent iaculis sapien sit ultrices magnis ultricies vehicula diam sociosqu tortor laoreet sapien nunc massa in nonummy consequat montes ipsum in malesuada sed ad Nam aliquet Aliquam metus malesuada pede consequat Vestibulum bibendum est per ridiculus dolor velit Aliquam vulputate consequat ut penatibus aliquet arcu nibh amet elit pellentesque hendrerit vehicula purus elementum ultrices ut Curae fringilla diam;115
8082211947;cursus Fusce inceptos nisi ultricies a a congue dictum Praesent ullamcorper sit ornare lobortis nunc nulla augue Suspendisse varius vel erat vulputate adipiscing nisi gravida inceptos nostra rhoncus dolor ipsum nisl conubia Vestibulum viverra ligula cubilia at tempus Aenean Proin odio;116
9199095770;Nunc rutrum Fusce luctus tortor nisl Aenean vulputate enim Aenean vulputate mattis ultrices vestibulum quis commodo risus at ante Sed imperdiet Class sapien ultricies iaculis fringilla egestas lacinia sit consequat eros arcu et faucibus Curabitur sociis Nam aliquam Suspendisse vehicula parturient arcu non vehicula dignissim Pellentesque facilisis laoreet varius in per pretium litora Phasellus eget velit cubilia vehicula hymenaeos vehicula ornare id Curabitur mattis dolor per malesuada mus condimentum;117
6835210436;Pellentesque consectetuer Cum molestie suscipit tempor ullamcorper dapibus Morbi Vestibulum torquent porttitor Aliquam dui lacinia quam Curae rutrum mauris morbi Etiam dignissim habitant velit fermentum eu ligula felis sociosqu bibendum libero accumsan pellentesque pellentesque diam Nulla faucibus cubilia velit Integer tortor eleifend magna imperdiet sollicitudin eleifend Proin inceptos aptent enim nostra elementum eget vulputate parturient pede Curae Vivamus aliquam fermentum;118
0843109233;pretium sodales pharetra facilisi tellus Morbi nonummy sit cursus suscipit fermentum Class natoque leo amet magnis lacinia sociosqu purus Nam tempus Morbi egestas Maecenas ante fringilla magna Duis adipiscing turpis per cubilia Proin ullamcorper primis ultrices eleifend eleifend montes nascetur ultrices Duis nascetur euismod quis gravida ultrices natoque cubilia interdum tortor erat interdum commodo elementum hymenaeos felis dictum mollis ornare eget;119
7455010394;pede pretium congue nisi justo risus mauris Proin Cum per purus porta hendrerit vitae nascetur nonummy Quisque bibendum pretium mi conubia Lorem ipsum habitant mollis Aenean ultrices nisl Nam diam Donec neque Nullam mus lorem nunc consectetuer Curae pharetra ornare elementum conubia condimentum bibendum Praesent Praesent ipsum ligula Etiam metus Phasellus quam eu adipiscing ad nunc hymenaeos gravida per scelerisque vel eu gravida elit lacus magnis taciti;120
7143759538;arcu consequat sem ultricies accumsan feugiat torquent egestas Nunc suscipit mollis nisl Integer nunc imperdiet elementum Integer Aenean accumsan primis Nullam lectus Quisque Curabitur nec quis convallis ullamcorper nisi volutpat a consequat eleifend pulvinar sed mollis Pellentesque neque Fusce at vel metus in malesuada arcu varius ante laoreet inceptos natoque est eu mollis condimentum tortor rhoncus vestibulum faucibus tortor sem magnis convallis dui;121
9610370609;rutrum aptent Quisque tortor vulputate aptent adipiscing Quisque eros facilisis convallis ultrices facilisi diam ut sed bibendum vitae cursus ac pellentesque tempus diam eu laoreet nostra metus auctor mauris nunc iaculis Aenean malesuada nisl dapibus volutpat metus senectus mus neque dui metus libero sapien fringilla lacinia montes dis eleifend ridiculus per Quisque Ut convallis commodo fames;122
8272901836;leo consequat Aliquam tempus urna ipsum volutpat Morbi inceptos magnis in felis sodales felis Cras non congue eget turpis faucibus;123
9664641332;egestas Praesent egestas a quis interdum per bibendum ornare est urna Phasellus nisl orci tempus viverra Curae mi montes Nunc risus augue Morbi Nam turpis libero consectetuer aliquet ridiculus natoque mollis tempus Suspendisse nisl luctus cubilia eleifend tellus blandit Donec condimentum imperdiet tempor taciti ad blandit vel laoreet dictum dignissim fermentum sapien Duis Cum pharetra Etiam Integer pellentesque rhoncus purus non congue Etiam vitae per gravida massa quam viverra parturient Cum per augue Lorem fames;124
8989273318;tristique eleifend montes facilisis sollicitudin nulla tellus Etiam vestibulum senectus augue eget feugiat velit mi posuere Mauris Fusce faucibus id lobortis Aenean gravida rutrum mauris lacus ac consequat Mauris cursus et condimentum feugiat Pellentesque sodales euismod Curae ipsum fames ac senectus per sollicitudin Aliquam sociis Cum nisi nisi;125
7326273560;Fusce Vestibulum Cras ridiculus Quisque Lorem Morbi taciti ipsum pulvinar vitae Mauris dui dapibus ut;126
6427196752;Nam Quisque eros conubia aliquet iaculis dis Integer taciti eu penatibus magnis erat netus Aliquam augue Lorem Ut dignissim congue Vestibulum mattis ultrices litora Proin mollis Pellentesque Aliquam cursus lacinia fringilla ultrices Integer vel viverra orci enim pede elit per Morbi odio justo Nunc velit enim pulvinar nostra vehicula conubia tellus ad;127
1839060488;montes lectus sit nonummy fringilla diam sociis egestas semper gravida Proin aliquam lobortis Lorem magnis risus adipiscing elit Quisque porttitor adipiscing pede magnis scelerisque Duis tincidunt sit lorem Suspendisse Nam quis Sed senectus sodales congue dis lectus per Curabitur sociosqu dignissim amet tellus lectus Etiam malesuada lobortis risus conubia Curabitur justo rhoncus Fusce convallis hendrerit adipiscing neque pulvinar pharetra penatibus netus morbi sagittis dui Aliquam suscipit fringilla penatibus Quisque volutpat adipiscing feugiat adipiscing auctor nonummy suscipit blandit vel non penatibus molestie per ut sollicitudin fames Etiam sit;128
1015124328;facilisis Cum Mauris per ipsum risus et facilisis laoreet congue velit congue posuere mattis euismod orci accumsan placerat imperdiet Suspendisse sapien eu lorem montes ut cursus inceptos montes commodo taciti purus elementum nec Proin Suspendisse vitae Phasellus commodo consectetuer Vivamus Duis Sed erat suscipit;129
7650469399;erat penatibus vulputate accumsan mus Phasellus pharetra lacus enim id lacinia tincidunt iaculis elit enim hendrerit Etiam sagittis magna mattis felis pede lorem nonummy velit mattis imperdiet;130
5726192802;felis Ut;131
2640602923;pellentesque dapibus Nam dapibus Mauris sollicitudin quis dis fames mus Maecenas ultrices molestie dapibus convallis tellus aliquam in pede libero natoque sociosqu et facilisi aliquam ut convallis litora magna justo dui arcu ac aliquam orci tellus Phasellus in mattis amet sagittis habitant feugiat ipsum Curabitur tincidunt gravida tempor Proin pede pulvinar Praesent fermentum dolor erat ullamcorper hymenaeos volutpat lobortis Duis inceptos arcu hymenaeos sapien nonummy Mauris massa massa erat torquent et sit;132
2721274285;nulla Morbi blandit morbi sociosqu egestas posuere egestas conubia netus Nunc mus velit purus sociis Quisque ultrices volutpat lectus tempus vestibulum Proin nulla mauris fames Duis Curae posuere natoque mollis cubilia sociosqu ultricies montes Nunc viverra sapien dui penatibus Lorem sed amet vitae Etiam tincidunt odio eros posuere senectus torquent gravida vitae ipsum penatibus cursus Pellentesque Sed Suspendisse Lorem fringilla nonummy urna sollicitudin Lorem dictum sit ac;133
8675953931;Nullam sagittis at amet dui est tincidunt Duis imperdiet Nulla sagittis luctus massa Mauris orci cursus hymenaeos sagittis posuere erat iaculis rutrum diam cursus natoque massa mi facilisi pretium aliquam commodo porttitor conubia velit;134
4513840138;nisl conubia varius gravida dui vitae et Nulla Cum ut rhoncus faucibus cursus odio litora vitae mollis malesuada nulla congue taciti primis Fusce mollis feugiat ultrices vestibulum elit purus consequat Praesent urna pede Nam dolor tincidunt sodales interdum velit tincidunt dictum ante gravida aliquam accumsan Aliquam imperdiet pretium nostra pede Proin magna dolor Donec ac enim tempor quis Fusce varius hendrerit faucibus iaculis habitant magna nisl magna volutpat;135
2013454001;rhoncus Maecenas tempus suscipit lorem massa rutrum suscipit sodales sit auctor augue augue condimentum est scelerisque Cum purus a mus volutpat fermentum est Mauris convallis dolor felis justo cubilia ipsum aptent hymenaeos sociis commodo odio dolor Etiam quis at mi Nam justo dui suscipit Nulla eget orci ornare parturient lobortis quis Proin montes interdum morbi mi Cum ac malesuada imperdiet Etiam ornare magnis Maecenas ligula sagittis vestibulum sem Nulla Lorem;136
1796370771;conubia molestie felis montes Nullam Cum diam inceptos Duis Cras elementum mauris nostra per id ipsum porta lacus nulla ante Nam malesuada Nam quam bibendum sollicitudin elementum hymenaeos elit sollicitudin justo lacinia nisi per lacinia Morbi Proin dolor posuere mi Class porta auctor Nulla sit nostra diam lacinia sagittis elit sed nec sapien nisl senectus Pellentesque dis nulla vehicula;137
6248344822;Nulla velit consectetuer primis senectus sagittis posuere vel Nulla elit netus convallis sodales semper;138
8710253809;neque conubia penatibus mi sem enim Mauris pede quam egestas molestie nisl eleifend sollicitudin senectus facilisis quis nisi et In Suspendisse Nulla sociis Integer eu dapibus feugiat nulla Fusce nulla sit Phasellus commodo inceptos pellentesque ante tortor mattis Cras ipsum elit ante tempor ligula malesuada sapien malesuada dignissim Nunc iaculis iaculis lectus et varius in cubilia sociosqu nascetur eros;139
4894766813;quis justo malesuada tincidunt convallis nulla ridiculus velit Phasellus faucibus senectus hendrerit pede;140
2724544434;sociosqu molestie purus nisl Pellentesque suscipit sapien dui congue ultricies diam vel commodo adipiscing turpis luctus vestibulum Pellentesque Donec tristique Ut Nulla varius Vivamus mus fermentum placerat taciti sapien ligula Aliquam at Cum tristique aliquet Nam;141
1943242541;sit amet morbi magnis neque odio Nulla feugiat sem odio imperdiet hymenaeos pellentesque vulputate egestas cursus parturient Nullam adipiscing litora Ut sit turpis consectetuer enim volutpat malesuada feugiat felis ullamcorper tempus erat tortor dui eros cubilia augue eleifend urna Cum facilisi vulputate Cum cubilia sapien dignissim pede tempor Nullam diam venenatis dis mi vehicula nonummy mollis Lorem ligula dis Quisque rhoncus pretium interdum Lorem pretium vestibulum sociosqu aliquam Phasellus primis;142
5666491115;Suspendisse feugiat eu ac luctus penatibus nunc laoreet Pellentesque vehicula facilisi Donec volutpat Vivamus felis lacinia;143
1901240052;metus et ad Aenean conubia Nunc montes eros dictum nisi inceptos egestas venenatis congue Integer Sed dapibus Donec Ut morbi nonummy ornare odio turpis Fusce nisi aliquet penatibus elementum leo hendrerit risus lacus diam montes cursus aliquet habitant inceptos nec ad Cras quam morbi ante eget natoque sapien ornare eros pharetra dapibus tincidunt mus Curabitur Suspendisse Maecenas et Class aptent hymenaeos in consectetuer ultrices Nunc viverra vitae ultricies dolor litora Ut condimentum sociosqu urna mi per tortor massa magna sodales Phasellus Cum Lorem ultricies volutpat netus nunc Pellentesque massa consequat Fusce Pellentesque commodo blandit primis;144
1036979152;aptent nec sed aliquet magna natoque sit;145
1213176889;Curabitur dictum nisi Mauris ridiculus eget sociosqu Nulla tempus in eu Duis interdum tortor sed sagittis lobortis interdum diam nonummy purus consectetuer felis mattis suscipit;146
3829475048;vehicula pede egestas convallis sociis nonummy ligula imperdiet Nulla lobortis cursus eros ultrices dignissim Suspendisse bibendum ultrices nibh at eleifend molestie volutpat sodales eleifend ut eleifend Ut Duis ligula viverra suscipit facilisi elementum Etiam leo facilisis ipsum dignissim tempor turpis eleifend Phasellus natoque sociosqu tristique Aenean lectus pretium Ut nisl litora cursus primis sem torquent iaculis dignissim dictum elit magnis placerat Quisque tempor iaculis Nunc tempus sapien semper eros sed inceptos euismod Nulla vitae Suspendisse mauris Class augue;147
3006539642;facilisi egestas Etiam congue dui euismod feugiat imperdiet felis diam taciti feugiat eu Aliquam fermentum nibh varius aliquam aliquam Vivamus ullamcorper malesuada condimentum ut lacus habitant ut diam mattis purus at Mauris Vestibulum per cursus nibh adipiscing imperdiet varius sociosqu lorem vestibulum dis tempor sapien massa aptent ac habitant dignissim rutrum morbi Duis Integer a;148
2726440049;facilisi litora lectus lectus litora massa In dui massa justo In dui leo dui malesuada Aliquam aptent euismod varius;149
1766622267;augue faucibus diam Proin libero risus Class Fusce odio nonummy consequat hymenaeos Etiam porttitor quam viverra Duis velit placerat aliquam sed blandit et pulvinar senectus netus litora ultrices viverra dignissim tempor Phasellus per mollis senectus ornare condimentum vehicula pharetra congue Maecenas penatibus Etiam eget adipiscing Nullam vitae pellentesque non egestas accumsan erat iaculis mus magnis convallis aliquet morbi euismod a dictum mi iaculis accumsan nascetur risus sollicitudin Pellentesque id adipiscing natoque Etiam Lorem aptent urna vel vulputate a inceptos mauris Sed ligula sagittis vehicula pellentesque;150
2998765495;Nulla orci placerat torquent interdum Vestibulum id nibh semper euismod;151
3130128211;Lorem eget nibh convallis commodo ultricies sem morbi in tempor ac tortor amet conubia ultricies Duis netus eu porttitor faucibus senectus fermentum pulvinar nec In nec faucibus Ut per mus mattis vulputate Pellentesque ante aliquam netus Phasellus facilisis facilisi Cum bibendum sagittis Curabitur fermentum turpis metus penatibus auctor nostra ligula purus hymenaeos convallis volutpat lacus eros per non hymenaeos Class felis id sapien Cum magna tellus scelerisque Cras luctus semper arcu turpis justo facilisis elit justo porta Lorem luctus lobortis taciti cubilia Donec vitae suscipit odio adipiscing cursus pretium cursus placerat In adipiscing inceptos quis Donec semper;152
1438245928;pretium tellus non imperdiet accumsan imperdiet sollicitudin primis habitant Maecenas primis sociis mus dictum condimentum nec In per magnis netus nulla nisi sed pretium ligula enim ad Vivamus;153
8778487265;tincidunt quis luctus cubilia Nunc urna semper varius Mauris diam viverra tempor lorem inceptos justo Lorem ultricies ad Fusce Aenean posuere massa morbi rhoncus eleifend augue suscipit luctus nisl auctor convallis Phasellus per lacus parturient vitae tristique sagittis vestibulum senectus egestas nisi eget consectetuer erat sociosqu tristique convallis turpis volutpat sapien urna lacus posuere sociosqu odio leo dapibus pretium sit libero Aenean Vestibulum eget Donec erat sem vel egestas luctus sagittis tempus rhoncus at Morbi nascetur consectetuer mattis elit mattis Class ante commodo varius cursus Vivamus senectus sociis Fusce mollis Aenean blandit aliquet metus;154
0961428324;pulvinar consectetuer ac Praesent felis ad molestie volutpat tellus conubia natoque facilisi dignissim magna neque nunc id semper Ut sociis Donec vehicula porttitor lacinia porttitor sociosqu imperdiet litora ac sem posuere justo ornare convallis habitant montes leo congue hymenaeos blandit dis fringilla varius sed orci facilisi est pharetra lectus tempor faucibus scelerisque non libero suscipit tellus dictum fermentum primis penatibus suscipit fames massa iaculis ultricies Vestibulum sit Nullam Cum nostra facilisi nostra placerat Pellentesque risus netus faucibus tristique Curabitur et aliquet Cum tristique sagittis pulvinar;155
7668994204;interdum vestibulum molestie malesuada venenatis Vivamus non Cras viverra In rhoncus turpis ornare nec adipiscing venenatis porta Pellentesque porttitor magna natoque malesuada est odio Cras ad porta;156
0056486881;a Lorem suscipit Quisque sodales risus et morbi augue lectus nascetur nascetur Ut Praesent pede leo tempor ut litora cubilia Donec imperdiet malesuada Mauris elit nostra velit arcu pretium metus lobortis tempor amet sodales per et nascetur magnis Cras per pretium rhoncus Etiam venenatis accumsan aliquet in aliquam pharetra turpis condimentum nulla Curabitur dolor consectetuer vulputate Aliquam Praesent aptent penatibus pulvinar leo tempor sodales Lorem luctus pellentesque;157
6369544812;consectetuer enim Mauris pellentesque parturient accumsan id et eu sollicitudin conubia ligula Nulla non sit placerat ad inceptos turpis semper magna turpis montes erat orci pharetra pulvinar nulla condimentum odio Nam tortor feugiat at quam tortor torquent erat amet aptent Nunc magna aptent lorem nisi consectetuer dignissim sit gravida morbi augue volutpat mollis Fusce;158
1206760097;placerat Ut Nullam ornare Integer purus gravida Morbi iaculis volutpat accumsan Quisque tellus Mauris fermentum auctor Lorem a Phasellus cubilia primis malesuada gravida congue iaculis viverra hymenaeos Aenean per;159
8337269222;commodo molestie semper Duis eros sed interdum sociis vitae natoque scelerisque Cras mi quam aptent diam Nunc augue Aliquam In nascetur in viverra sagittis hymenaeos Aliquam neque pulvinar imperdiet fermentum parturient tristique diam non parturient porttitor consequat tortor nulla facilisi Nunc per viverra tempor sit nulla Maecenas interdum nostra netus conubia a tortor ultricies diam Cum nec porttitor torquent mi Proin sociosqu nunc nulla lacinia Fusce nisl Quisque aliquet molestie facilisi habitant nunc;160
5098914777;metus ante nostra elementum porta Nulla tempus sodales sem consectetuer non dapibus id convallis dolor rhoncus Morbi molestie per ligula nostra natoque cubilia viverra ultricies imperdiet Cras porttitor Class lorem inceptos tortor diam fames per ante vehicula augue lobortis sagittis Aenean congue erat Etiam Nunc sociosqu varius nibh enim vulputate gravida sed arcu tristique imperdiet in accumsan justo Nunc conubia ultricies pulvinar elit Sed Quisque tellus cubilia auctor Integer taciti varius ante nisi luctus Duis tellus ultrices eu;161
7379473630;tellus nibh velit viverra a nisi facilisis elementum pellentesque conubia arcu accumsan arcu hendrerit Curae consectetuer fringilla Aenean habitant Proin lorem rhoncus habitant mus In Phasellus quis dictum Cras In varius erat pellentesque Proin tortor tellus pede congue lacus vestibulum arcu imperdiet Quisque vitae lorem accumsan pharetra Praesent eu convallis Nulla odio magnis semper blandit est ultricies sociis Phasellus orci primis lectus Maecenas Duis ac Sed netus elementum Donec gravida ultrices arcu pellentesque turpis aliquet inceptos commodo mus eleifend eros erat accumsan Donec ornare montes Ut ipsum urna Curae malesuada mi vel mauris fringilla torquent eleifend;162
4340691566;nunc leo Etiam diam congue ligula imperdiet odio Suspendisse per pellentesque auctor luctus dis imperdiet sapien Cum mauris porttitor aliquet sollicitudin egestas egestas mus mauris ante scelerisque magnis sapien ultricies blandit ante Cum bibendum lobortis Lorem Nunc Pellentesque litora;163
0071810531;Ut sociosqu Quisque ultricies Nunc vitae dis nunc purus vestibulum amet sociis hendrerit et Curabitur iaculis id tristique in torquent ornare fermentum id blandit nonummy congue Nulla Morbi inceptos conubia venenatis dignissim ridiculus ligula elementum molestie Nunc velit facilisis arcu convallis tempus enim viverra feugiat sit ullamcorper;164
8176376308;fermentum nisi commodo neque consequat ut per metus adipiscing lectus parturient mattis placerat accumsan conubia amet per feugiat dolor varius cubilia pellentesque egestas sagittis condimentum fermentum magnis diam morbi nostra felis In ante Lorem porta Phasellus cubilia aliquet sit elit bibendum Etiam volutpat imperdiet Mauris aptent est viverra fermentum vehicula hendrerit urna cubilia scelerisque aptent Cum egestas odio Suspendisse sociosqu Maecenas hymenaeos porta interdum hendrerit rhoncus ante in habitant lobortis id faucibus Cum diam nisl congue Cras Vestibulum aptent lobortis Nulla fermentum Curabitur Suspendisse sit placerat at gravida nonummy elit penatibus consequat mi vehicula Nulla consectetuer faucibus mus;165
0886024461;nisl Fusce scelerisque dui porttitor enim habitant felis orci leo;166
4672697923;semper consequat consectetuer accumsan;167
8862838822;lorem lacinia at Duis odio nisl scelerisque semper rhoncus elit volutpat turpis natoque aliquam Nulla auctor magna elementum consequat Donec ornare Morbi sem dis scelerisque rhoncus convallis posuere tortor magna vestibulum diam id magna aliquam blandit pretium volutpat Quisque luctus tincidunt ridiculus Proin conubia elementum nascetur nulla arcu euismod vehicula convallis condimentum hendrerit Quisque feugiat ornare velit volutpat nostra conubia magna egestas nascetur Vestibulum a Lorem augue viverra Lorem Fusce adipiscing Nam lacinia id posuere tellus Class lacus volutpat torquent pharetra turpis odio nascetur suscipit Sed magna;168
9985783758;bibendum Praesent venenatis urna ullamcorper Mauris in facilisis Nullam dolor Pellentesque lobortis rhoncus Proin Maecenas id consequat convallis Nulla pharetra nibh ad suscipit rutrum Nam non justo nisi Lorem natoque ultricies odio Nullam imperdiet Nulla Cras feugiat fames imperdiet Ut nisl inceptos pellentesque condimentum imperdiet tortor Donec imperdiet Aliquam mi tempor inceptos vehicula nascetur porttitor Suspendisse neque lorem montes montes mollis ut mattis Quisque Donec aliquam ac vestibulum nascetur eu a sociis accumsan;169
8139459753;fermentum penatibus pede id orci vestibulum sociis taciti Aliquam accumsan tempor lacus tempus quis Praesent congue iaculis placerat ad ligula augue leo at Nulla Praesent iaculis In condimentum sociis scelerisque parturient massa lorem Quisque placerat ullamcorper scelerisque sagittis elementum blandit torquent Vestibulum Nam bibendum tempus purus Cum quis volutpat vitae aptent Fusce;170
9136372598;nisi rutrum vitae odio eros Cum ullamcorper arcu Maecenas nascetur mollis Phasellus ad natoque quam enim bibendum Cras sit leo eget pharetra ligula mus mauris et elit Vivamus mauris sociis gravida hendrerit rutrum Nam varius mus Lorem iaculis Praesent varius leo rhoncus tristique vulputate ornare orci Nam venenatis mi velit;171
6535916234;litora conubia sociis dis Mauris conubia dui Nunc tristique accumsan egestas placerat mollis Sed vel torquent tellus aliquet magna odio neque odio nisi et lacus pretium hendrerit molestie vulputate auctor in quam Donec nostra luctus semper primis senectus leo pretium vitae ultrices;172
9273060828;cubilia Curabitur congue non posuere at inceptos Donec nec Nullam felis sem ut sagittis Nam quis Curae nec nec nunc Maecenas vestibulum lacus eu;173
1151063141;semper luctus odio nunc turpis adipiscing suscipit condimentum consequat montes Sed adipiscing dolor penatibus Vestibulum tempus felis litora congue blandit Morbi Vivamus Morbi cubilia eros purus commodo sagittis nulla consequat Suspendisse ante accumsan fermentum Nunc interdum id;174
9448188221;pellentesque facilisi tempor sapien fames Mauris sed Integer euismod rhoncus per ac interdum semper sodales eget diam fermentum venenatis Nam dis et egestas pretium dolor dolor aliquet;175
7590539357;parturient tortor varius Nam dolor Ut gravida litora faucibus Integer mauris eros nec hendrerit Quisque tempor aptent nostra nascetur dapibus commodo;176
6272106538;Suspendisse Aliquam pede elementum volutpat nibh montes primis dui vel Praesent Duis neque rhoncus nec netus porta eleifend vehicula sollicitudin ante erat tellus Curae Integer fermentum Integer commodo aliquam neque dis lorem condimentum Nullam Donec porttitor varius et mus Cras suscipit parturient tempor Morbi Nam nec Suspendisse viverra penatibus Ut fames nonummy sociosqu faucibus eget quis venenatis molestie Duis rhoncus nostra Vivamus hymenaeos;177
4197246980;felis at porta sapien id Fusce Duis Suspendisse venenatis montes a risus aliquam tempor facilisis dui molestie conubia orci vulputate luctus taciti consequat ridiculus dictum primis diam porttitor penatibus tristique Ut scelerisque sociis egestas sit;178
6272909073;sociis senectus lectus faucibus blandit Nullam felis velit vulputate augue a sodales porta quam habitant est erat sociis vitae Suspendisse dolor Nullam netus ridiculus at fringilla lorem et mauris dapibus lobortis tempus aliquam Cras per pretium consequat senectus nulla tristique morbi nonummy sem turpis feugiat porttitor nibh a risus auctor Suspendisse massa inceptos venenatis facilisis fermentum in pellentesque in ultricies commodo porttitor vitae mus nibh diam nibh nisi elementum Quisque erat ante et torquent iaculis ac pharetra eleifend ornare mollis arcu et sociis rutrum Suspendisse fringilla primis odio nulla;179
4074029382;feugiat urna purus pretium hymenaeos auctor litora Aenean dictum faucibus sodales tellus facilisis orci per sapien Class facilisi erat aptent ultrices Maecenas accumsan sociis consequat non sodales Lorem senectus Maecenas rutrum Cras massa interdum luctus Morbi placerat Cum Ut dui magna Pellentesque inceptos pulvinar euismod vehicula metus lacus lacinia et facilisis penatibus Pellentesque a Phasellus conubia non fames egestas varius molestie consequat Aliquam aliquam commodo Class porta eu Morbi velit Ut facilisis congue varius nunc felis Quisque diam vestibulum quis porttitor dis adipiscing ridiculus ut ad nascetur velit Sed conubia parturient convallis vel dapibus conubia;180
5292028904;fermentum iaculis hymenaeos scelerisque consectetuer;181
1304229113;arcu Quisque suscipit a et Mauris posuere feugiat nascetur Praesent taciti iaculis ac taciti penatibus luctus interdum dolor sapien consectetuer aliquam mus libero lacinia Nulla Suspendisse per mattis accumsan nulla Fusce cursus eros elit;182
4297488030;montes habitant Vestibulum Sed cubilia Sed suscipit Curae netus molestie Cum rutrum ornare Etiam amet ornare hendrerit ornare sem Integer dignissim Phasellus pulvinar id porta Morbi ut metus dui magnis ipsum montes senectus inceptos erat inceptos metus ad sagittis vulputate cursus nibh fermentum convallis fermentum mus placerat penatibus amet at nostra volutpat neque non tristique Cum lobortis quis dapibus interdum blandit Maecenas nunc cursus tincidunt posuere Lorem sodales Praesent nonummy Vestibulum felis per sit aptent enim et sodales quam tincidunt molestie odio luctus imperdiet ad;183
6005170249;Curae dignissim non ornare Ut ante tristique arcu non urna nec lobortis vulputate condimentum porttitor felis Nam risus egestas hymenaeos lacus Donec iaculis odio hymenaeos parturient sagittis Donec cubilia rhoncus hymenaeos varius quam nascetur venenatis posuere non facilisis felis amet torquent molestie accumsan sociis aptent interdum justo Sed senectus dictum Cum vitae leo sociis bibendum In imperdiet laoreet nisl pellentesque iaculis mollis litora Curae posuere volutpat a placerat interdum habitant;184
5412559619;amet Sed dis hymenaeos metus Class facilisi lacus diam nulla est viverra vehicula Nulla sociosqu nisi urna Nunc Fusce rutrum In facilisi conubia pede purus est hendrerit Praesent sagittis nascetur ultrices felis Curae aliquet odio id aptent accumsan enim auctor Lorem morbi iaculis Suspendisse habitant Lorem elementum dignissim in lorem parturient tristique cubilia Fusce Morbi Etiam Integer felis magna magnis Donec non lectus dolor nascetur orci litora velit quam condimentum in rhoncus magna ligula imperdiet ullamcorper arcu erat magnis Aliquam in augue vel blandit commodo ultrices condimentum eros suscipit Nam consequat netus ornare;185
8795369267;quam velit mus volutpat Pellentesque diam habitant vehicula molestie interdum dictum magna scelerisque magnis montes vestibulum quis mollis elementum Aenean Cum habitant congue sed Cras commodo ac posuere sodales vel neque non dis tortor rutrum Donec ultrices suscipit mi dignissim at nostra ut magnis faucibus faucibus elementum ridiculus Ut imperdiet Curabitur Fusce in imperdiet senectus vestibulum vel penatibus arcu leo Integer Suspendisse Pellentesque penatibus faucibus netus blandit sem sapien fames nulla dapibus id Vestibulum inceptos cursus Nullam erat laoreet vehicula senectus tortor Vestibulum habitant;186
8323743649;faucibus inceptos quam Fusce torquent Class litora ridiculus dapibus lectus;187
1605701652;dui Nunc luctus eu dui consequat sed blandit lacinia et libero tempus Praesent velit Vestibulum litora ultrices ipsum aliquet vitae ridiculus dictum rhoncus in urna Aenean porta Suspendisse inceptos pharetra mus blandit ornare accumsan metus nascetur Class quam eget Maecenas In est neque Lorem odio eleifend condimentum nascetur magnis ut Curae sodales velit Aenean nibh ligula;188
3744506073;volutpat elit venenatis quis Ut nibh Donec vitae lobortis montes montes justo tempor facilisi mauris condimentum a;189
8990335721;dictum viverra mi dignissim sem Morbi Cum nulla augue Etiam dapibus urna augue sagittis lorem sed enim;190
2040802013;consequat varius eu imperdiet laoreet Mauris vestibulum interdum cursus conubia luctus nisl conubia Vestibulum nibh viverra mi lectus Cum commodo ornare Praesent velit velit venenatis Aenean Class turpis sodales est Nullam semper aliquet dignissim ultrices dui sed Class lacus libero Phasellus commodo facilisi nascetur inceptos erat ac ipsum luctus consectetuer hymenaeos;191
3929634156;rhoncus lectus turpis netus Aenean pulvinar mi nibh orci torquent morbi senectus mattis Etiam nibh convallis sodales Maecenas Aenean in quis augue in nisi Curae netus consequat vel consequat cubilia Nam venenatis inceptos dictum penatibus cursus Nam Class Vivamus porttitor primis dapibus mattis convallis nulla urna Nullam convallis Curabitur elit sollicitudin amet ultrices tempor lorem facilisis ligula imperdiet per habitant Sed lectus netus Fusce ante aptent dis netus molestie sagittis facilisis magna quam non malesuada pharetra tempus fames nisi tempus mattis rhoncus sit felis orci Etiam tortor dignissim in eget sit nisl suscipit pede accumsan ullamcorper scelerisque;192
4583642606;eros pede vitae Integer feugiat nascetur ultrices penatibus facilisi magnis tempor litora augue suscipit ante dui nisl tempor aptent conubia ipsum mollis non cubilia elementum facilisis Nam lectus placerat sollicitudin odio faucibus ridiculus est ultricies eu sapien per aliquam luctus elit est Nunc semper Mauris nec velit condimentum varius quis ipsum arcu adipiscing ultricies nunc consequat adipiscing enim Proin dictum netus;193
4748216218;parturient semper primis felis Integer dictum iaculis Maecenas interdum parturient tristique molestie nec aptent parturient purus Suspendisse molestie nulla taciti quis magnis sociis vulputate condimentum Vestibulum dapibus ullamcorper lobortis mus Curabitur vulputate imperdiet scelerisque vulputate elit mi varius amet massa euismod porta tortor fringilla nascetur porttitor nonummy feugiat scelerisque ac tempor aptent tristique consectetuer suscipit Class cursus cubilia Nulla Proin dui et mauris fermentum purus pretium luctus tincidunt ridiculus senectus nunc sed leo nec eget Morbi leo odio elit taciti vehicula conubia turpis habitant metus tempor conubia Vestibulum aptent taciti luctus lacinia mauris ac;194
2053839744;facilisis Praesent ultrices felis neque;195
0931584858;tempor natoque erat eleifend;196
1336652040;lectus ullamcorper elementum ante fames Vestibulum scelerisque lorem aptent ad Etiam Praesent sit ullamcorper;197
2717041912;vehicula et vitae eget velit dui nunc Nullam dui accumsan netus nunc purus mi inceptos Nulla fermentum aptent pretium Sed Cras euismod placerat velit interdum adipiscing tristique sapien egestas ultrices purus est tempor non eget risus hendrerit congue Nam odio;198
2438614614;consectetuer Fusce Curae dis tristique Maecenas Sed blandit non dictum mollis sollicitudin blandit Nullam sed Etiam velit risus Proin Vivamus facilisis tristique pellentesque amet sociosqu ligula purus Suspendisse a elementum nulla tristique habitant leo ad ligula arcu inceptos consectetuer tempus feugiat bibendum Suspendisse ultrices massa massa scelerisque adipiscing arcu egestas Duis magna Donec dis lacinia condimentum ridiculus Aenean Sed venenatis ante rhoncus conubia pharetra morbi Duis dis venenatis ornare dui lectus accumsan consequat Praesent cursus viverra fringilla;199
