name;entityId
adipiscing viverra litora;0
hendrerit;1
fermentum rhoncus vestibulum;2
bibendum bibendum;3
fames nisi purus;4
Ut;5
Nullam ligula;6
lorem penatibus;7
aliquam;8
ultrices dictum Integer;9
sem libero;10
dis;11
consectetuer urna;12
Donec penatibus facilisis;13
nunc;14
mus consectetuer est;15
diam;16
tristique Duis;17
mollis eget;18
fermentum vehicula auctor;19
Integer lacus dolor;20
sociis nunc;21
eleifend est;22
nulla pretium Proin;23
sapien;24
accumsan arcu;25
adipiscing primis Cum;26
Vestibulum Donec;27
ornare;28
scelerisque sit;29
Aenean ridiculus;30
tempor eros;31
nulla justo;32
nibh;33
Nulla;34
Cras turpis;35
risus;36
sociis;37
molestie;38
vel;39
auctor;40
Curae morbi;41
netus nisi varius;42
pharetra;43
venenatis nonummy sed;44
magnis;45
posuere lacinia;46
tincidunt;47
at pretium;48
hendrerit consectetuer vestibulum;49
dis;50
malesuada hymenaeos;51
ac convallis tempor;52
volutpat lectus rhoncus;53
dui;54
pretium mi;55
mi eget;56
Ut;57
mattis montes;58
primis;59
ante pellentesque luctus;60
at;61
tempus auctor Nunc;62
Maecenas condimentum dignissim;63
commodo sem;64
mauris ultrices Nullam;65
ornare vehicula;66
amet;67
nisl nonummy leo;68
sodales;69
natoque lorem taciti;70
laoreet lacus semper;71
Donec;72
lacus;73
dignissim Proin;74
magna Lorem dictum;75
purus lobortis nunc;76
Maecenas netus;77
elementum;78
Vivamus;79
laoreet dui viverra;80
ipsum suscipit Morbi;81
quam vel accumsan;82
Cum;83
morbi taciti Suspendisse;84
Praesent nisi egestas;85
amet litora;86
ridiculus;87
sagittis;88
Duis mollis nec;89
senectus augue;90
pulvinar id turpis;91
lectus dis;92
dictum libero Vestibulum;93
quis commodo leo;94
elit;95
urna;96
ultrices aptent;97
eu;98
sem ridiculus Class;99
